batter,bowler,balls,runs,dismissals,boundaries,matches,strike_rate,boundary_percent,dismissal_rate,batter_advantage_score,bowler_advantage_score,advantage,matchup_label
RR Pant,MM Sharma,18,62,0,10,1,344.44444444444446,55.55555555555556,0.0,204.83333333333334,0.0,204.83333333333334,batter_favored
TH David,Mukesh Kumar,14,50,1,10,3,357.14285714285717,71.42857142857143,7.142857142857143,210.21428571428572,12.857142857142858,197.35714285714286,batter_favored
WG Jacks,MM Sharma,12,39,0,7,1,325.0,58.333333333333336,0.0,194.83333333333337,0.0,194.83333333333337,batter_favored
A Mhatre,B Kumar,12,38,0,8,1,316.6666666666667,66.66666666666667,0.0,192.33333333333334,0.0,192.33333333333334,batter_favored
R Parag,MM Ali,12,38,0,5,2,316.6666666666667,41.666666666666664,0.0,187.58333333333334,0.0,187.58333333333334,batter_favored
A Badoni,Vijaykumar Vyshak,13,38,0,7,1,292.3076923076923,53.84615384615385,0.0,175.73076923076925,0.0,175.73076923076925,batter_favored
Abhishek Sharma,Yash Thakur,25,72,0,14,2,288.0,56.0,0.0,175.4,0.0,175.4,batter_favored
PD Salt,HV Patel,15,43,0,7,3,286.6666666666667,46.666666666666664,0.0,173.83333333333334,0.0,173.83333333333334,batter_favored
S Dube,T Natarajan,12,35,0,5,2,291.6666666666667,41.666666666666664,0.0,173.83333333333334,0.0,173.83333333333334,batter_favored
RM Patidar,HH Pandya,15,43,0,7,2,286.6666666666667,46.666666666666664,0.0,172.33333333333334,0.0,172.33333333333334,batter_favored
Shubman Gill,C Green,15,43,0,7,2,286.6666666666667,46.666666666666664,0.0,172.33333333333334,0.0,172.33333333333334,batter_favored
RR Pant,Yash Dayal,12,34,0,6,1,283.3333333333333,50.0,0.0,169.83333333333334,0.0,169.83333333333334,batter_favored
SP Narine,YS Chahal,12,34,0,5,2,283.3333333333333,41.666666666666664,0.0,169.25,0.0,169.25,batter_favored
SS Iyer,SM Curran,17,46,0,7,2,270.5882352941176,41.1764705882353,0.0,162.1176470588235,0.0,162.1176470588235,batter_favored
H Klaasen,Noor Ahmad,16,43,0,7,2,268.75,43.75,0.0,161.75,0.0,161.75,batter_favored
RM Patidar,M Markande,14,43,1,6,2,307.14285714285717,42.857142857142854,7.142857142857143,174.07142857142858,12.857142857142858,161.21428571428572,batter_favored
Abhishek Sharma,Rashid Khan,13,35,0,5,2,269.2307692307692,38.46153846153846,0.0,160.6923076923077,0.0,160.6923076923077,batter_favored
Abhishek Sharma,YS Chahal,13,35,0,5,2,269.2307692307692,38.46153846153846,0.0,160.6923076923077,0.0,160.6923076923077,batter_favored
DP Conway,Vijaykumar Vyshak,12,32,0,6,1,266.6666666666667,50.0,0.0,160.66666666666669,0.0,160.66666666666669,batter_favored
TM Head,Mukesh Kumar,13,34,0,7,2,261.53846153846155,53.84615384615385,0.0,160.30769230769232,0.0,160.30769230769232,batter_favored
H Klaasen,Shahbaz Ahmed,12,32,0,5,1,266.6666666666667,41.666666666666664,0.0,158.58333333333334,0.0,158.58333333333334,batter_favored
MP Stoinis,CJ Jordan,12,31,0,6,2,258.3333333333333,50.0,0.0,157.58333333333334,0.0,157.58333333333334,batter_favored
SS Iyer,Ashwani Kumar,14,37,0,6,1,264.2857142857143,42.857142857142854,0.0,157.57142857142858,0.0,157.57142857142858,batter_favored
AD Russell,SM Curran,12,36,1,6,3,300.0,50.0,8.333333333333334,172.0,15.000000000000002,157.0,batter_favored
HH Pandya,Ravi Bishnoi,19,50,0,7,2,263.1578947368421,36.8421052631579,0.0,156.94736842105263,0.0,156.94736842105263,batter_favored
DA Warner,B Kumar,14,2,2,0,3,14.285714285714286,0.0,14.285714285714286,-4.785714285714285,92.78571428571428,-97.57142857142856,bowler_favored
A Badoni,TA Boult,12,7,2,0,4,58.333333333333336,0.0,16.666666666666668,18.083333333333336,77.25,-59.166666666666664,bowler_favored
WP Saha,Mohammed Siraj,14,7,2,1,2,50.0,7.142857142857143,14.285714285714286,15.142857142857146,72.42857142857143,-57.285714285714285,bowler_favored
RG Sharma,CV Varun,14,5,1,0,3,35.714285714285715,0.0,7.142857142857143,15.571428571428575,70.28571428571428,-54.7142857142857,bowler_favored
Nithish Kumar Reddy,MA Starc,12,7,2,1,3,58.333333333333336,8.333333333333334,16.666666666666668,18.66666666666667,72.25,-53.58333333333333,bowler_favored
JM Sharma,M Jansen,13,5,1,1,2,38.46153846153846,7.6923076923076925,7.6923076923076925,16.846153846153847,65.42307692307693,-48.57692307692309,bowler_favored
DA Warner,M Pathirana,13,6,1,0,2,46.15384615384615,0.0,7.6923076923076925,19.153846153846157,66.57692307692307,-47.423076923076906,bowler_favored
MP Stoinis,KK Ahmed,13,8,2,1,4,61.53846153846154,7.6923076923076925,15.384615384615385,23.307692307692307,68.88461538461539,-45.57692307692308,bowler_favored
Abhishek Sharma,VG Arora,12,6,1,0,4,50.0,0.0,8.333333333333334,23.500000000000004,66.0,-42.5,bowler_favored
T Stubbs,M Pathirana,17,11,2,0,3,64.70588235294117,0.0,11.764705882352942,25.970588235294123,65.55882352941177,-39.588235294117645,bowler_favored
AK Markram,JJ Bumrah,12,7,1,0,2,58.333333333333336,0.0,8.333333333333334,25.083333333333336,62.25,-37.166666666666664,bowler_favored
AK Markram,Kuldeep Yadav,12,7,1,0,3,58.333333333333336,0.0,8.333333333333334,26.583333333333336,62.25,-35.666666666666664,bowler_favored
RA Tripathi,Ravi Bishnoi,13,8,1,0,2,61.53846153846154,0.0,7.6923076923076925,27.615384615384617,59.653846153846146,-32.03846153846153,bowler_favored
B Sai Sudharsan,Arshdeep Singh,15,10,2,2,3,66.66666666666667,13.333333333333334,13.333333333333334,28.500000000000007,59.5,-30.999999999999993,bowler_favored
VR Iyer,TA Boult,13,5,0,0,3,38.46153846153846,0.0,0.0,25.653846153846153,56.1923076923077,-30.538461538461547,bowler_favored
A Manohar,MJ Santner,12,5,0,0,1,41.666666666666664,0.0,0.0,24.416666666666668,54.75000000000001,-30.33333333333334,bowler_favored
T Stubbs,JJ Bumrah,13,8,1,0,4,61.53846153846154,0.0,7.6923076923076925,30.615384615384617,59.653846153846146,-29.03846153846153,bowler_favored
AR Patel,CV Varun,24,12,1,1,4,50.0,4.166666666666667,4.166666666666667,29.54166666666667,56.0,-26.45833333333333,bowler_favored
Shubman Gill,JJ Bumrah,15,9,1,1,1,60.0,6.666666666666667,6.666666666666667,28.166666666666664,54.5,-26.333333333333336,bowler_favored
Abdul Samad,CV Varun,14,9,1,0,4,64.28571428571429,0.0,7.142857142857143,32.78571428571429,57.42857142857143,-24.64285714285714,bowler_favored
RR Rossouw,MM Ali,15,7,0,0,2,46.666666666666664,0.0,0.0,28.666666666666668,52.50000000000001,-23.83333333333334,bowler_favored
TM Head,R Ashwin,17,8,0,0,2,47.05882352941177,0.0,0.0,28.882352941176475,52.3235294117647,-23.44117647058823,bowler_favored
DJ Hooda,B Kumar,12,10,2,2,2,83.33333333333333,16.666666666666668,16.666666666666668,33.0,56.00000000000001,-23.000000000000007,bowler_favored
Ishan Kishan,RA Jadeja,13,9,1,0,3,69.23076923076923,0.0,7.6923076923076925,33.346153846153854,56.19230769230769,-22.84615384615384,bowler_favored
JC Buttler,RA Jadeja,15,10,1,0,3,66.66666666666667,0.0,6.666666666666667,33.16666666666667,55.5,-22.33333333333333,bowler_favored
