player_name,batting_matches,innings_batted,runs,balls_faced,dismissals,boundaries,powerplay_runs,powerplay_balls_x,middle_runs,middle_balls,death_runs,death_balls_x,thirty_plus_innings,fifty_plus_innings,batting_std_dev,batting_average,strike_rate,boundary_percent,powerplay_strike_rate,middle_overs_strike_rate,death_overs_strike_rate,batting_consistency_raw,recent_batting_form_raw,bowling_matches,balls_bowled,runs_conceded,wickets,dot_balls,powerplay_runs_conceded,powerplay_balls_y,death_runs_conceded,death_balls_y,maiden_overs,bowling_std_dev,overs_bowled,bowling_average,economy,dot_ball_percent,death_overs_economy,powerplay_economy,wickets_per_match,bowling_consistency_raw,recent_bowling_form_raw,catches,stumpings,run_outs,matches_played,balls_per_match,overs_per_match,role,fielding_impact_raw,recent_form_raw,consistency_raw
P Simran Singh,46.0,46.0,1291.0,821.0,44.0,204.0,828.0,543.0,404.0,253.0,59.0,25.0,17.0,9.0,25.478009841964628,29.34090909090909,157.24725943970768,24.84774665042631,152.48618784530387,159.68379446640316,236.0,31.739130434782606,45.620982142857144,0.0,0.0,0.0,0.0,0.0,0.0,0.0,0.0,0.0,0.0,0.0,0.0,0.0,0.0,0.0,0.0,0.0,0.0,0.0,0.0,4.0,1.0,0.0,46.0,17.847826086956523,0.0,batter,44.0,45.620982142857144,31.739130434782606
RG Sharma,45.0,45.0,1167.0,808.0,43.0,183.0,752.0,521.0,369.0,261.0,46.0,26.0,14.0,8.0,25.88031895265028,27.13953488372093,144.43069306930693,22.64851485148515,144.33781190019195,141.3793103448276,176.92307692307693,27.111111111111114,45.16891304347826,0.0,0.0,0.0,0.0,0.0,0.0,0.0,0.0,0.0,0.0,0.0,0.0,0.0,0.0,0.0,0.0,0.0,0.0,0.0,0.0,5.0,0.0,2.0,45.0,17.955555555555556,0.0,batter,60.0,45.16891304347826,27.111111111111114
V Kohli,44.0,44.0,2037.0,1390.0,36.0,266.0,992.0,653.0,836.0,623.0,209.0,114.0,30.0,22.0,29.3864227037499,56.583333333333336,146.54676258992805,19.136690647482013,151.91424196018377,134.18940609951846,183.33333333333334,62.72727272727273,66.81572510822511,0.0,0.0,0.0,0.0,0.0,0.0,0.0,0.0,0.0,0.0,0.0,0.0,0.0,0.0,0.0,0.0,0.0,0.0,0.0,0.0,24.0,0.0,5.0,44.0,31.59090909090909,0.0,batter,242.0,66.81572510822511,62.72727272727273
Shubman Gill,44.0,44.0,1966.0,1270.0,38.0,256.0,832.0,581.0,910.0,571.0,224.0,118.0,29.0,16.0,34.82699616294255,51.73684210526316,154.8031496062992,20.15748031496063,143.2013769363167,159.36952714535903,189.83050847457628,57.04545454545455,71.95993138936535,0.0,0.0,0.0,0.0,0.0,0.0,0.0,0.0,0.0,0.0,0.0,0.0,0.0,0.0,0.0,0.0,0.0,0.0,0.0,0.0,15.0,0.0,0.0,44.0,28.863636363636363,0.0,batter,120.0,71.95993138936535,57.04545454545455
RA Jadeja,37.0,37.0,758.0,542.0,23.0,85.0,52.0,40.0,263.0,220.0,443.0,282.0,7.0,3.0,16.702663828832183,32.95652173913044,139.85239852398524,15.682656826568266,130.0,119.54545454545455,157.0921985815603,15.675675675675677,36.06155462184874,44.0,851.0,1124.0,38.0,255.0,13.0,12.0,62.0,28.0,0.0,7.471996453551037,141.83333333333334,29.57894736842105,7.9247943595769685,29.964747356051703,13.285714285714286,6.5,0.8636363636363636,28.493376775985467,24.517045454545457,19.0,0.0,1.0,44.0,14.64864864864865,3.2234848484848486,all_rounder,162.0,60.578600076394196,44.169052451661145
Rashid Khan,25.0,25.0,272.0,159.0,14.0,40.0,0.0,0.0,72.0,48.0,200.0,111.0,3.0,1.0,17.088787747136035,19.428571428571427,171.0691823899371,25.157232704402517,0.0,150.0,180.18018018018017,9.6,13.1375,44.0,994.0,1433.0,46.0,296.0,191.0,144.0,344.0,198.0,0.0,3.354981675612066,165.66666666666666,31.152173913043477,8.64989939637827,29.77867203219316,10.424242424242424,7.958333333333333,1.0454545454545454,26.136363636363637,18.82986111111111,21.0,0.0,4.0,44.0,6.36,3.765151515151515,bowler,208.0,31.96736111111111,35.736363636363635
B Kumar,16.0,16.0,79.0,101.0,9.0,8.0,0.0,0.0,31.0,41.0,48.0,60.0,0.0,0.0,6.855350708266744,8.777777777777779,78.21782178217822,7.920792079207921,0.0,75.60975609756098,80.0,0.0,2.6125,44.0,960.0,1441.0,44.0,363.0,788.0,594.0,521.0,288.0,0.0,2.8627959459900025,160.0,32.75,9.00625,37.8125,10.854166666666666,7.959595959595959,1.0,25.0,24.864583333333336,8.0,0.0,2.0,44.0,6.3125,3.6363636363636362,bowler,84.0,27.477083333333336,25.0
Arshdeep Singh,4.0,4.0,8.0,11.0,2.0,1.0,0.0,0.0,0.0,0.0,8.0,11.0,0.0,0.0,1.4142135623730951,4.0,72.72727272727273,9.090909090909092,0.0,0.0,72.72727272727273,0.0,2.9750000000000005,44.0,957.0,1516.0,57.0,352.0,738.0,486.0,547.0,315.0,0.0,2.631700163698831,159.5,26.596491228070175,9.504702194357368,36.7816091954023,10.41904761904762,9.11111111111111,1.2954545454545454,32.38636363636363,30.291666666666668,6.0,0.0,2.0,44.0,2.75,3.625,bowler,68.0,33.266666666666666,32.38636363636363
SA Yadav,43.0,43.0,1667.0,967.0,35.0,254.0,209.0,151.0,1185.0,687.0,273.0,129.0,24.0,15.0,27.314602068440486,47.628571428571426,172.38883143743536,26.26680455015512,138.41059602649005,172.4890829694323,211.62790697674419,49.53488372093023,68.76895128147622,0.0,0.0,0.0,0.0,0.0,0.0,0.0,0.0,0.0,0.0,0.0,0.0,0.0,0.0,0.0,0.0,0.0,0.0,0.0,0.0,16.0,0.0,0.0,43.0,22.488372093023255,0.0,batter,128.0,68.76895128147622,49.53488372093023
YBK Jaiswal,43.0,43.0,1619.0,1011.0,39.0,267.0,1012.0,597.0,519.0,372.0,88.0,42.0,23.0,14.0,30.74463462361417,41.51282051282051,160.13847675568744,26.409495548961424,169.5142378559464,139.51612903225808,209.52380952380952,47.2093023255814,70.47442104481578,0.0,0.0,0.0,0.0,0.0,0.0,0.0,0.0,0.0,0.0,0.0,0.0,0.0,0.0,0.0,0.0,0.0,0.0,0.0,0.0,22.0,0.0,2.0,43.0,23.511627906976745,0.0,batter,196.0,70.47442104481578,47.2093023255814
N Pooran,43.0,43.0,1381.0,754.0,30.0,208.0,145.0,79.0,717.0,390.0,519.0,285.0,22.0,10.0,24.480516356137645,46.03333333333333,183.15649867374006,27.586206896551722,183.54430379746836,183.84615384615384,182.10526315789474,42.7906976744186,33.604647435897434,0.0,0.0,0.0,0.0,0.0,0.0,0.0,0.0,0.0,0.0,0.0,0.0,0.0,0.0,0.0,0.0,0.0,0.0,0.0,0.0,21.0,3.0,2.0,43.0,17.53488372093023,0.0,wicketkeeper,224.0,33.604647435897434,42.7906976744186
Mohammed Siraj,4.0,4.0,16.0,14.0,2.0,2.0,0.0,0.0,0.0,0.0,16.0,14.0,0.0,0.0,5.477225575051661,8.0,114.28571428571429,14.285714285714286,0.0,0.0,114.28571428571429,0.0,6.1,43.0,966.0,1398.0,50.0,413.0,784.0,588.0,412.0,252.0,0.0,2.7429016748030737,161.0,27.96,8.683229813664596,42.7536231884058,9.80952380952381,8.0,1.1627906976744187,29.069767441860467,15.121527777777779,12.0,0.0,2.0,43.0,3.5,3.744186046511628,bowler,116.0,21.22152777777778,29.069767441860467
S Dube,42.0,42.0,1171.0,778.0,33.0,146.0,6.0,5.0,746.0,532.0,419.0,241.0,17.0,7.0,18.00027422684387,35.484848484848484,150.51413881748073,18.76606683804627,120.0,140.22556390977442,173.85892116182572,33.33333333333333,38.9140625,2.0,18.0,47.0,1.0,2.0,0.0,0.0,0.0,0.0,0.0,1.7677669529663689,3.0,47.0,15.666666666666666,11.11111111111111,0.0,0.0,0.5,12.5,10.25,12.0,0.0,0.0,42.0,18.523809523809526,1.5,batter,96.0,49.1640625,45.83333333333333
Ishan Kishan,42.0,42.0,1128.0,765.0,39.0,171.0,658.0,448.0,363.0,262.0,107.0,55.0,17.0,6.0,25.413239711088398,28.923076923076923,147.45098039215685,22.352941176470587,146.875,138.54961832061068,194.54545454545453,32.61904761904762,37.08051470588235,1.0,1.0,4.0,0.0,0.0,0.0,0.0,4.0,1.0,0.0,0.0,0.16666666666666666,4.0,24.0,0.0,24.0,0.0,0.0,0.0,0.0,27.0,3.0,8.0,42.0,18.214285714285715,0.16666666666666666,wicketkeeper,332.0,37.08051470588235,32.61904761904762
YS Chahal,0.0,0.0,0.0,0.0,0.0,0.0,0.0,0.0,0.0,0.0,0.0,0.0,0.0,0.0,0.0,0.0,0.0,0.0,0.0,0.0,0.0,0.0,0.0,42.0,935.0,1408.0,55.0,265.0,16.0,18.0,332.0,198.0,0.0,2.7587257149521704,155.83333333333334,25.6,9.035294117647059,28.342245989304814,10.06060606060606,5.333333333333333,1.3095238095238095,32.73809523809524,39.0,7.0,0.0,0.0,42.0,0.0,3.7103174603174605,bowler,56.0,39.0,32.73809523809524
TA Boult,9.0,9.0,32.0,33.0,3.0,4.0,0.0,0.0,7.0,5.0,25.0,28.0,0.0,0.0,5.725188012439223,10.666666666666666,96.96969696969697,12.121212121212121,0.0,140.0,89.28571428571429,0.0,5.418181818181818,41.0,894.0,1272.0,51.0,359.0,702.0,564.0,303.0,180.0,0.0,2.671920857110336,149.0,24.941176470588236,8.536912751677852,40.15659955257271,10.1,7.468085106382978,1.2439024390243902,31.097560975609756,45.56707875457876,8.0,0.0,0.0,41.0,3.6666666666666665,3.6341463414634148,bowler,64.0,50.98526057276058,31.097560975609756
CV Varun,3.0,3.0,2.0,10.0,0.0,0.0,0.0,0.0,0.0,0.0,2.0,10.0,0.0,0.0,0.5773502691896258,2.0,20.0,0.0,0.0,0.0,20.0,0.0,0.6666666666666666,41.0,916.0,1214.0,58.0,350.0,243.0,186.0,229.0,166.0,0.0,3.3138245419463828,152.66666666666666,20.93103448275862,7.951965065502184,38.209606986899566,8.27710843373494,7.838709677419355,1.4146341463414633,41.94227287251039,34.83680555555556,8.0,0.0,0.0,41.0,3.3333333333333335,3.7235772357723573,bowler,64.0,35.50347222222222,41.94227287251039
Abhishek Sharma,40.0,40.0,1149.0,621.0,38.0,186.0,720.0,409.0,384.0,193.0,45.0,19.0,18.0,8.0,29.05960938202538,30.236842105263158,185.024154589372,29.95169082125604,176.03911980440097,198.96373056994818,236.8421052631579,37.5,72.98094314222364,15.0,180.0,287.0,4.0,54.0,77.0,48.0,42.0,12.0,0.0,3.3468772462681238,30.0,71.75,9.566666666666666,30.0,21.0,9.625,0.26666666666666666,6.666666666666667,11.027777777777779,19.0,0.0,1.0,40.0,15.525,2.0,all_rounder,162.0,84.00872092000142,44.166666666666664
MP Stoinis,40.0,40.0,956.0,621.0,31.0,133.0,194.0,147.0,486.0,351.0,276.0,123.0,11.0,6.0,27.561399986770798,30.838709677419356,153.9452495974235,21.4170692431562,131.97278911564626,138.46153846153845,224.390243902439,23.75,42.38322192513369,21.0,234.0,401.0,10.0,74.0,81.0,51.0,65.0,27.0,0.0,4.315356598378193,39.0,40.1,10.282051282051283,31.623931623931625,14.444444444444445,9.529411764705882,0.47619047619047616,11.904761904761903,5.315972222222223,9.0,0.0,1.0,40.0,15.525,1.8571428571428572,batter,82.0,47.69919414735591,35.654761904761905
HH Pandya,40.0,40.0,786.0,541.0,32.0,100.0,76.0,68.0,416.0,297.0,294.0,176.0,8.0,2.0,16.735575495915494,24.5625,145.28650646950092,18.484288354898336,111.76470588235294,140.06734006734007,167.04545454545453,15.5,29.920652173913044,37.0,576.0,957.0,28.0,186.0,275.0,162.0,166.0,72.0,0.0,3.6109089802518786,96.0,34.17857142857143,9.96875,32.291666666666664,13.833333333333334,10.185185185185185,0.7567567567567568,18.91891891891892,15.291666666666668,14.0,0.0,3.0,40.0,13.525,2.5945945945945947,all_rounder,142.0,45.21231884057971,34.41891891891892
SP Narine,36.0,36.0,755.0,439.0,31.0,130.0,485.0,290.0,224.0,123.0,46.0,26.0,9.0,4.0,27.496998393186857,24.35483870967742,171.98177676537586,29.612756264236904,167.24137931034483,182.1138211382114,176.92307692307693,20.833333333333332,33.06473416289593,40.0,888.0,1102.0,40.0,290.0,133.0,84.0,123.0,102.0,0.0,2.4421512164693167,148.0,27.55,7.445945945945946,32.65765765765766,7.235294117647059,9.5,1.0,37.64864864864865,34.25,11.0,0.0,2.0,40.0,12.194444444444445,3.7,all_rounder,108.0,67.31473416289593,58.48198198198199
HV Patel,10.0,10.0,40.0,51.0,7.0,3.0,0.0,0.0,19.0,20.0,21.0,31.0,0.0,0.0,4.714045207910317,5.714285714285714,78.43137254901961,5.882352941176471,0.0,95.0,67.74193548387096,0.0,4.625,40.0,839.0,1361.0,54.0,239.0,172.0,102.0,599.0,341.0,0.0,2.7383074428900067,139.83333333333334,25.203703703703702,9.733015494636472,28.486293206197853,10.539589442815249,10.117647058823529,1.35,33.75,22.749547101449277,10.0,0.0,6.0,40.0,5.1,3.4958333333333336,bowler,140.0,27.374547101449277,33.75
H Klaasen,39.0,39.0,1414.0,815.0,31.0,181.0,76.0,49.0,830.0,518.0,508.0,248.0,21.0,9.0,24.74896908934098,45.61290322580645,173.49693251533742,22.208588957055216,155.10204081632654,160.23166023166024,204.83870967741936,44.61538461538461,58.629720279720274,0.0,0.0,0.0,0.0,0.0,0.0,0.0,0.0,0.0,0.0,0.0,0.0,0.0,0.0,0.0,0.0,0.0,0.0,0.0,0.0,18.0,3.0,8.0,39.0,20.897435897435898,0.0,wicketkeeper,260.0,58.629720279720274,44.61538461538461
AR Patel,36.0,36.0,781.0,549.0,28.0,103.0,60.0,50.0,409.0,309.0,312.0,190.0,9.0,3.0,15.832731818148025,27.892857142857142,142.25865209471766,18.761384335154826,120.0,132.36245954692558,164.21052631578948,20.0,37.991119953416145,39.0,762.0,988.0,27.0,245.0,264.0,180.0,60.0,42.0,0.0,3.409909603753886,127.0,36.592592592592595,7.7795275590551185,32.15223097112861,8.571428571428571,8.8,0.6923076923076923,25.953361599030885,18.37152777777778,22.0,0.0,2.0,39.0,15.25,3.2564102564102564,all_rounder,196.0,56.362647731193924,45.953361599030885
KH Pandya,32.0,32.0,430.0,356.0,20.0,47.0,34.0,43.0,257.0,215.0,139.0,98.0,4.0,1.0,16.356783144576738,21.5,120.78651685393258,13.202247191011235,79.06976744186046,119.53488372093024,141.83673469387756,9.6875,20.189323708206686,39.0,726.0,947.0,32.0,230.0,260.0,180.0,82.0,54.0,0.0,2.9252764767004846,121.0,29.59375,7.8264462809917354,31.68044077134986,9.11111111111111,8.666666666666666,0.8205128205128205,28.595465140919686,29.430555555555557,17.0,0.0,0.0,39.0,11.125,3.1025641025641026,all_rounder,136.0,49.61987926376224,38.282965140919686
Kuldeep Yadav,20.0,20.0,96.0,105.0,7.0,11.0,0.0,0.0,10.0,6.0,86.0,99.0,1.0,0.0,7.709187956417227,13.714285714285714,91.42857142857143,10.476190476190476,0.0,166.66666666666666,86.86868686868686,3.5,19.241346153846152,39.0,870.0,1123.0,41.0,268.0,20.0,6.0,200.0,156.0,0.0,2.9052069066574813,145.0,27.390243902439025,7.744827586206896,30.804597701149426,7.6923076923076925,20.0,1.0512820512820513,35.344120247568526,14.569444444444445,3.0,0.0,0.0,39.0,5.25,3.717948717948718,bowler,24.0,33.810790598290595,38.844120247568526
Ravi Bishnoi,12.0,12.0,37.0,49.0,7.0,3.0,0.0,0.0,9.0,17.0,28.0,32.0,0.0,0.0,3.502163833282434,5.285714285714286,75.51020408163265,6.122448979591836,0.0,52.94117647058823,87.5,0.0,3.8125,39.0,787.0,1175.0,35.0,249.0,76.0,42.0,194.0,109.0,0.0,4.074521013717818,131.16666666666666,33.57142857142857,8.958068614993646,31.639135959339264,10.678899082568808,10.857142857142858,0.8974358974358975,22.435897435897438,19.07986111111111,16.0,0.0,1.0,39.0,4.083333333333333,3.363247863247863,bowler,138.0,22.89236111111111,22.435897435897438
TU Deshpande,6.0,6.0,7.0,10.0,1.0,0.0,0.0,0.0,0.0,0.0,7.0,10.0,0.0,0.0,1.1690451944500122,7.0,70.0,0.0,0.0,0.0,70.0,0.0,3.5666666666666664,39.0,821.0,1328.0,47.0,296.0,579.0,408.0,559.0,287.0,0.0,3.0810187578387174,136.83333333333334,28.25531914893617,9.705237515225335,36.05359317904994,11.686411149825783,8.514705882352942,1.205128205128205,30.128205128205128,17.42013888888889,6.0,0.0,0.0,39.0,1.6666666666666667,3.508547008547009,bowler,48.0,20.986805555555556,30.128205128205128
F du Plessis,38.0,38.0,1370.0,909.0,36.0,190.0,801.0,517.0,503.0,352.0,66.0,40.0,18.0,14.0,25.12664932698226,38.05555555555556,150.71507150715072,20.9020902090209,154.9323017408124,142.89772727272728,165.0,44.21052631578947,28.179166666666667,0.0,0.0,0.0,0.0,0.0,0.0,0.0,0.0,0.0,0.0,0.0,0.0,0.0,0.0,0.0,0.0,0.0,0.0,0.0,0.0,15.0,0.0,0.0,38.0,23.92105263157895,0.0,batter,120.0,28.179166666666667,44.21052631578947
JC Buttler,38.0,38.0,1289.0,867.0,32.0,180.0,458.0,349.0,577.0,385.0,254.0,133.0,19.0,11.0,31.350142530774207,40.28125,148.67358708189158,20.761245674740483,131.23209169054442,149.87012987012986,190.97744360902254,43.68421052631579,57.89635120069903,0.0,0.0,0.0,0.0,0.0,0.0,0.0,0.0,0.0,0.0,0.0,0.0,0.0,0.0,0.0,0.0,0.0,0.0,0.0,0.0,20.0,2.0,4.0,38.0,22.81578947368421,0.0,wicketkeeper,224.0,57.89635120069903,43.68421052631579
SV Samson,38.0,38.0,1178.0,785.0,30.0,161.0,381.0,266.0,649.0,443.0,148.0,76.0,17.0,9.0,25.20510458810471,39.266666666666666,150.06369426751593,20.50955414012739,143.2330827067669,146.50112866817156,194.73684210526315,38.421052631578945,35.46746347879625,0.0,0.0,0.0,0.0,0.0,0.0,0.0,0.0,0.0,0.0,0.0,0.0,0.0,0.0,0.0,0.0,0.0,0.0,0.0,0.0,13.0,5.0,8.0,38.0,20.657894736842106,0.0,wicketkeeper,244.0,35.46746347879625,38.421052631578945
Tilak Varma,37.0,37.0,1102.0,735.0,28.0,142.0,132.0,92.0,679.0,491.0,291.0,152.0,18.0,6.0,20.46288664215608,39.357142857142854,149.93197278911563,19.31972789115646,143.47826086956522,138.28920570264765,191.44736842105263,38.91891891891892,22.081841231790523,2.0,10.0,15.0,0.0,3.0,0.0,0.0,8.0,4.0,0.0,3.5355339059327378,1.6666666666666667,15.0,9.0,30.0,12.0,0.0,0.0,0.0,5.5,22.0,0.0,2.0,37.0,19.864864864864863,0.8333333333333334,batter,196.0,27.581841231790523,38.91891891891892
AK Markram,37.0,37.0,913.0,673.0,33.0,108.0,341.0,251.0,478.0,363.0,94.0,59.0,14.0,7.0,19.906802374584945,27.666666666666668,135.66121842496284,16.047548291233284,135.85657370517927,131.68044077134985,159.32203389830508,32.16216216216216,50.07947407007254,13.0,127.0,187.0,5.0,30.0,41.0,24.0,1.0,1.0,0.0,3.2038138330625703,21.166666666666668,37.4,8.834645669291339,23.62204724409449,6.0,10.25,0.38461538461538464,9.615384615384617,16.11111111111111,22.0,0.0,0.0,37.0,18.18918918918919,1.6282051282051282,batter,176.0,66.19058518118365,41.777546777546775
JM Sharma,37.0,37.0,757.0,488.0,31.0,105.0,12.0,22.0,404.0,286.0,341.0,180.0,7.0,1.0,16.94204925718943,24.419354838709676,155.12295081967213,21.516393442622952,54.54545454545455,141.25874125874125,189.44444444444446,14.054054054054054,35.95170454545455,0.0,0.0,0.0,0.0,0.0,0.0,0.0,0.0,0.0,0.0,0.0,0.0,0.0,0.0,0.0,0.0,0.0,0.0,0.0,0.0,35.0,3.0,7.0,37.0,13.18918918918919,0.0,wicketkeeper,386.0,35.95170454545455,14.054054054054054
Avesh Khan,6.0,6.0,31.0,18.0,1.0,5.0,0.0,0.0,0.0,0.0,31.0,18.0,0.0,0.0,7.25028735062733,31.0,172.22222222222223,27.77777777777778,0.0,0.0,172.22222222222223,0.0,15.216666666666667,37.0,787.0,1296.0,40.0,232.0,428.0,233.0,516.0,314.0,0.0,3.099142925988711,131.16666666666666,32.4,9.880559085133418,29.479034307496825,9.859872611464969,11.021459227467812,1.0810810810810811,27.027027027027028,24.105784161490682,5.0,0.0,2.0,37.0,3.0,3.5450450450450446,bowler,60.0,39.32245082815735,27.027027027027028
Noor Ahmad,11.0,11.0,20.0,35.0,8.0,2.0,0.0,0.0,1.0,3.0,19.0,32.0,0.0,0.0,2.088931871468374,2.5,57.142857142857146,5.714285714285714,0.0,33.333333333333336,59.375,0.0,5.2875,37.0,792.0,1067.0,48.0,273.0,77.0,54.0,171.0,127.0,0.0,2.8823280190441607,132.0,22.229166666666668,8.083333333333334,34.46969696969697,8.078740157480315,8.555555555555555,1.2972972972972974,37.43243243243243,37.34027777777777,8.0,0.0,1.0,37.0,3.1818181818181817,3.5675675675675675,bowler,74.0,42.62777777777777,37.43243243243243
KK Ahmed,1.0,1.0,1.0,2.0,0.0,0.0,0.0,0.0,0.0,0.0,1.0,2.0,0.0,0.0,0.0,1.0,50.0,0.0,0.0,0.0,50.0,0.0,1.0,37.0,778.0,1227.0,41.0,332.0,735.0,516.0,378.0,184.0,0.0,3.485590452255679,129.66666666666666,29.926829268292682,9.462724935732648,42.673521850899746,12.326086956521738,8.546511627906977,1.1081081081081081,27.7027027027027,19.5864898989899,4.0,0.0,2.0,37.0,2.0,3.5045045045045042,bowler,52.0,20.5864898989899,27.7027027027027
KL Rahul,36.0,36.0,1340.0,987.0,31.0,170.0,596.0,452.0,603.0,437.0,141.0,98.0,18.0,10.0,27.71395843367548,43.225806451612904,135.76494427558256,17.223910840932117,131.858407079646,137.9862700228833,143.87755102040816,43.333333333333336,51.942994505494504,0.0,0.0,0.0,0.0,0.0,0.0,0.0,0.0,0.0,0.0,0.0,0.0,0.0,0.0,0.0,0.0,0.0,0.0,0.0,0.0,22.0,2.0,3.0,36.0,27.416666666666668,0.0,wicketkeeper,230.0,51.942994505494504,43.333333333333336
RK Singh,36.0,36.0,848.0,564.0,24.0,111.0,27.0,20.0,346.0,298.0,475.0,246.0,10.0,4.0,17.158828538842528,35.333333333333336,150.354609929078,19.680851063829788,135.0,116.10738255033557,193.08943089430895,22.77777777777778,31.709642857142857,0.0,0.0,0.0,0.0,0.0,0.0,0.0,0.0,0.0,0.0,0.0,0.0,0.0,0.0,0.0,0.0,0.0,0.0,0.0,0.0,24.0,0.0,1.0,36.0,15.666666666666666,0.0,batter,202.0,31.709642857142857,22.77777777777778
MS Dhoni,36.0,36.0,461.0,275.0,15.0,64.0,0.0,0.0,20.0,30.0,441.0,245.0,4.0,0.0,11.320826432337487,30.733333333333334,167.63636363636363,23.272727272727273,0.0,66.66666666666667,180.0,7.777777777777778,20.46818181818182,0.0,0.0,0.0,0.0,0.0,0.0,0.0,0.0,0.0,0.0,0.0,0.0,0.0,0.0,0.0,0.0,0.0,0.0,0.0,0.0,23.0,8.0,6.0,36.0,7.638888888888889,0.0,wicketkeeper,340.0,20.46818181818182,7.777777777777778
R Ashwin,21.0,21.0,186.0,155.0,15.0,21.0,20.0,17.0,126.0,112.0,40.0,26.0,1.0,0.0,9.70714022915974,12.4,120.0,13.548387096774194,117.6470588235294,112.5,153.84615384615384,3.333333333333333,11.465789473684211,36.0,810.0,1118.0,30.0,229.0,318.0,198.0,137.0,78.0,0.0,1.9036421973470443,135.0,37.266666666666666,8.281481481481482,28.271604938271604,10.538461538461538,9.636363636363637,0.8333333333333334,23.455555555555556,19.81597222222222,8.0,0.0,0.0,36.0,7.380952380952381,3.75,bowler,64.0,31.281761695906432,26.788888888888888
B Sai Sudharsan,35.0,35.0,1648.0,1115.0,30.0,219.0,646.0,468.0,802.0,551.0,200.0,96.0,27.0,13.0,27.152479497407654,54.93333333333333,147.80269058295963,19.641255605381165,138.03418803418805,145.5535390199637,208.33333333333334,65.14285714285714,66.18799597618805,0.0,0.0,0.0,0.0,0.0,0.0,0.0,0.0,0.0,0.0,0.0,0.0,0.0,0.0,0.0,0.0,0.0,0.0,0.0,0.0,9.0,0.0,1.0,35.0,31.857142857142858,0.0,batter,82.0,66.18799597618805,65.14285714285714
R Parag,35.0,35.0,1048.0,688.0,30.0,137.0,138.0,87.0,661.0,457.0,249.0,144.0,15.0,5.0,24.1611536259719,34.93333333333333,152.32558139534885,19.912790697674417,158.6206896551724,144.63894967177242,172.91666666666666,34.285714285714285,44.0625,11.0,138.0,197.0,3.0,34.0,6.0,6.0,13.0,6.0,0.0,2.718599424020175,23.0,65.66666666666667,8.565217391304348,24.63768115942029,13.0,6.0,0.2727272727272727,6.8181818181818175,12.652777777777779,16.0,0.0,1.0,35.0,19.65714285714286,2.090909090909091,all_rounder,138.0,56.71527777777778,41.103896103896105
AM Rahane,35.0,35.0,958.0,649.0,33.0,127.0,508.0,301.0,416.0,338.0,34.0,10.0,14.0,5.0,17.913330091247218,29.03030303030303,147.61171032357473,19.568567026194145,168.77076411960132,123.07692307692308,340.0,32.285714285714285,45.64147727272727,0.0,0.0,0.0,0.0,0.0,0.0,0.0,0.0,0.0,0.0,0.0,0.0,0.0,0.0,0.0,0.0,0.0,0.0,0.0,0.0,14.0,0.0,1.0,35.0,18.542857142857144,0.0,batter,122.0,45.64147727272727,32.285714285714285
A Badoni,35.0,35.0,802.0,565.0,27.0,93.0,28.0,41.0,361.0,277.0,413.0,247.0,11.0,5.0,19.36244307107634,29.703703703703702,141.94690265486724,16.460176991150444,68.29268292682927,130.32490974729242,167.20647773279353,26.285714285714285,47.122408125929795,5.0,23.0,38.0,2.0,5.0,0.0,1.0,19.0,16.0,0.0,7.648529270389178,3.8333333333333335,19.0,9.91304347826087,21.73913043478261,7.125,0.0,0.4,10.0,27.5,9.0,0.0,0.0,35.0,16.142857142857142,0.7666666666666667,batter,72.0,74.6224081259298,36.285714285714285
Dhruv Jurel,35.0,35.0,680.0,442.0,22.0,89.0,23.0,13.0,247.0,200.0,410.0,229.0,11.0,4.0,19.156147399549766,30.90909090909091,153.84615384615384,20.13574660633484,176.92307692307693,123.5,179.03930131004367,25.428571428571427,36.94715782526194,0.0,0.0,0.0,0.0,0.0,0.0,0.0,0.0,0.0,0.0,0.0,0.0,0.0,0.0,0.0,0.0,0.0,0.0,0.0,0.0,19.0,0.0,1.0,35.0,12.628571428571428,0.0,batter,162.0,36.94715782526194,25.428571428571427
TH David,35.0,35.0,659.0,399.0,19.0,86.0,0.0,0.0,131.0,110.0,528.0,289.0,10.0,1.0,15.168631940883241,34.68421052631579,165.16290726817041,21.55388471177945,0.0,119.0909090909091,182.69896193771626,20.857142857142858,36.489423076923075,0.0,0.0,0.0,0.0,0.0,0.0,0.0,0.0,0.0,0.0,0.0,0.0,0.0,0.0,0.0,0.0,0.0,0.0,0.0,0.0,23.0,0.0,4.0,35.0,11.4,0.0,batter,224.0,36.489423076923075,20.857142857142858
SO Hetmyer,35.0,35.0,657.0,434.0,24.0,80.0,13.0,10.0,213.0,164.0,431.0,260.0,8.0,2.0,15.200785030590312,27.375,151.38248847926266,18.433179723502302,130.0,129.8780487804878,165.76923076923077,17.714285714285715,20.509964763497372,0.0,0.0,0.0,0.0,0.0,0.0,0.0,0.0,0.0,0.0,0.0,0.0,0.0,0.0,0.0,0.0,0.0,0.0,0.0,0.0,28.0,0.0,2.0,35.0,12.4,0.0,batter,244.0,20.509964763497372,17.714285714285715
RD Gaikwad,34.0,34.0,1295.0,894.0,29.0,170.0,674.0,464.0,521.0,370.0,100.0,60.0,20.0,11.0,29.966008669479532,44.6551724137931,144.85458612975393,19.01565995525727,145.25862068965517,140.8108108108108,166.66666666666666,50.88235294117648,26.95812937062937,0.0,0.0,0.0,0.0,0.0,0.0,0.0,0.0,0.0,0.0,0.0,0.0,0.0,0.0,0.0,0.0,0.0,0.0,0.0,0.0,25.0,0.0,0.0,34.0,26.294117647058822,0.0,batter,200.0,26.95812937062937,50.88235294117648
PD Salt,34.0,34.0,1056.0,601.0,31.0,178.0,722.0,413.0,299.0,169.0,35.0,19.0,16.0,10.0,27.12813721723269,34.064516129032256,175.7071547420965,29.617304492512478,174.818401937046,176.92307692307693,184.21052631578948,41.76470588235294,48.072991427432214,0.0,0.0,0.0,0.0,0.0,0.0,0.0,0.0,0.0,0.0,0.0,0.0,0.0,0.0,0.0,0.0,0.0,0.0,0.0,0.0,26.0,0.0,6.0,34.0,17.676470588235293,0.0,batter,268.0,48.072991427432214,41.76470588235294
VR Iyer,34.0,34.0,916.0,612.0,29.0,126.0,257.0,170.0,518.0,356.0,141.0,86.0,13.0,8.0,26.33345743331393,31.586206896551722,149.67320261437908,20.58823529411765,151.1764705882353,145.5056179775281,163.95348837209303,33.8235294117647,35.359051724137935,1.0,6.0,28.0,0.0,0.0,0.0,0.0,0.0,0.0,0.0,0.0,1.0,28.0,28.0,0.0,0.0,0.0,0.0,0.0,0.0,11.0,0.0,1.0,34.0,18.0,1.0,batter,98.0,35.359051724137935,33.8235294117647
Yash Dayal,3.0,3.0,4.0,8.0,2.0,0.0,0.0,0.0,0.0,1.0,4.0,7.0,0.0,0.0,1.5275252316519468,2.0,50.0,0.0,0.0,0.0,57.142857142857146,0.0,1.3333333333333333,34.0,679.0,1094.0,30.0,231.0,548.0,348.0,335.0,174.0,0.0,2.982008415628388,113.16666666666667,36.46666666666667,9.667157584683357,34.02061855670103,11.551724137931034,9.448275862068966,0.8823529411764706,22.058823529411764,18.92013888888889,7.0,0.0,1.0,34.0,2.6666666666666665,3.3284313725490198,bowler,66.0,20.25347222222222,22.058823529411764
AD Russell,33.0,33.0,616.0,378.0,25.0,97.0,0.0,0.0,239.0,182.0,377.0,196.0,8.0,2.0,17.025104013387605,24.64,162.96296296296296,25.66137566137566,0.0,131.3186813186813,192.3469387755102,18.78787878787879,32.8162012987013,32.0,376.0,684.0,34.0,119.0,84.0,42.0,262.0,149.0,0.0,3.5859091319121617,62.666666666666664,20.11764705882353,10.914893617021276,31.648936170212767,10.550335570469798,12.0,1.0625,26.5625,16.00173611111111,13.0,0.0,2.0,33.0,11.454545454545455,1.9583333333333333,batter,124.0,48.817937409812416,45.35037878787879
MM Sharma,5.0,5.0,3.0,19.0,3.0,0.0,0.0,0.0,2.0,14.0,1.0,5.0,0.0,0.0,0.8944271909999159,1.0,15.789473684210526,0.0,0.0,14.285714285714286,20.0,0.0,0.6,33.0,649.0,1043.0,42.0,170.0,104.0,60.0,506.0,289.0,0.0,3.9312070283723815,108.16666666666667,24.833333333333332,9.642526964560863,26.194144838212633,10.505190311418685,10.4,1.2727272727272727,31.818181818181817,8.833333333333332,9.0,0.0,3.0,33.0,3.8,3.277777777777778,bowler,102.0,9.433333333333332,31.818181818181817
SM Curran,30.0,30.0,660.0,506.0,25.0,78.0,79.0,78.0,336.0,291.0,245.0,137.0,5.0,4.0,21.53585622742397,26.4,130.43478260869566,15.41501976284585,101.28205128205128,115.4639175257732,178.83211678832117,15.666666666666666,33.10133303061754,32.0,605.0,1038.0,27.0,177.0,358.0,246.0,346.0,179.0,0.0,2.817994969793474,100.83333333333333,38.44444444444444,10.294214876033058,29.25619834710744,11.597765363128492,8.731707317073171,0.84375,21.09375,13.73263888888889,15.0,0.0,1.0,32.0,16.866666666666667,3.1510416666666665,all_rounder,130.0,46.833971919506425,36.760416666666664
DA Miller,32.0,32.0,622.0,437.0,19.0,76.0,11.0,16.0,273.0,201.0,338.0,220.0,8.0,1.0,15.103807466993215,32.73684210526316,142.3340961098398,17.391304347826086,68.75,135.82089552238807,153.63636363636363,18.4375,19.083035714285714,0.0,0.0,0.0,0.0,0.0,0.0,0.0,0.0,0.0,0.0,0.0,0.0,0.0,0.0,0.0,0.0,0.0,0.0,0.0,0.0,21.0,0.0,2.0,32.0,13.65625,0.0,batter,188.0,19.083035714285714,18.4375
Abdul Samad,32.0,32.0,515.0,329.0,21.0,69.0,0.0,0.0,168.0,133.0,347.0,196.0,5.0,0.0,12.521876018882235,24.523809523809526,156.53495440729483,20.972644376899694,0.0,126.3157894736842,177.0408163265306,10.9375,22.334659090909092,1.0,2.0,6.0,0.0,1.0,0.0,0.0,6.0,2.0,0.0,0.0,0.3333333333333333,6.0,18.0,50.0,18.0,0.0,0.0,0.0,5.0,17.0,0.0,0.0,32.0,10.28125,0.3333333333333333,batter,136.0,27.334659090909092,10.9375
DL Chahar,5.0,5.0,38.0,27.0,1.0,5.0,0.0,0.0,0.0,0.0,38.0,27.0,0.0,0.0,11.844830095868831,38.0,140.74074074074073,18.51851851851852,0.0,0.0,140.74074074074073,0.0,11.5,32.0,591.0,875.0,29.0,246.0,682.0,482.0,102.0,43.0,0.0,2.493094416249498,98.5,30.17241379310345,8.883248730964468,41.6243654822335,14.232558139534884,8.489626556016598,0.90625,22.65625,23.909722222222225,3.0,0.0,1.0,32.0,5.4,3.078125,bowler,34.0,35.40972222222223,22.65625
Mukesh Kumar,5.0,5.0,10.0,18.0,1.0,0.0,0.0,0.0,0.0,0.0,10.0,18.0,0.0,0.0,2.5495097567963922,10.0,55.55555555555556,0.0,0.0,0.0,55.55555555555556,0.0,2.0,32.0,636.0,1102.0,36.0,209.0,393.0,264.0,504.0,240.0,0.0,3.073920858430782,106.0,30.61111111111111,10.39622641509434,32.861635220125784,12.6,8.931818181818182,1.125,28.125,23.774305555555557,5.0,0.0,4.0,32.0,3.6,3.3125,bowler,80.0,25.774305555555557,28.125
Sandeep Sharma,3.0,3.0,8.0,11.0,0.0,0.0,0.0,0.0,0.0,1.0,8.0,10.0,0.0,0.0,3.055050463303893,8.0,72.72727272727273,0.0,0.0,0.0,80.0,0.0,2.6666666666666665,32.0,727.0,1081.0,32.0,218.0,402.0,316.0,482.0,273.0,0.0,2.523528355059375,121.16666666666667,33.78125,8.92159559834938,29.98624484181568,10.593406593406593,7.632911392405063,1.0,25.0,22.34375,7.0,0.0,4.0,32.0,3.6666666666666665,3.7864583333333335,bowler,96.0,25.010416666666668,25.0
SS Iyer,31.0,31.0,955.0,584.0,21.0,130.0,117.0,95.0,545.0,354.0,293.0,135.0,14.0,8.0,27.34278619653175,45.476190476190474,163.52739726027397,22.26027397260274,123.15789473684211,153.954802259887,217.03703703703704,39.35483870967742,54.00171269727403,0.0,0.0,0.0,0.0,0.0,0.0,0.0,0.0,0.0,0.0,0.0,0.0,0.0,0.0,0.0,0.0,0.0,0.0,0.0,0.0,17.0,0.0,1.0,31.0,18.838709677419356,0.0,batter,146.0,54.00171269727403,39.35483870967742
N Wadhera,31.0,31.0,719.0,503.0,26.0,99.0,53.0,46.0,533.0,381.0,133.0,76.0,10.0,4.0,21.25781323786419,27.653846153846153,142.9423459244533,19.681908548707753,115.21739130434783,139.89501312335958,175.0,26.451612903225804,31.743394687791238,2.0,17.0,22.0,0.0,3.0,0.0,0.0,9.0,5.0,0.0,3.040559159102155,2.8333333333333335,22.0,7.764705882352941,17.647058823529413,10.8,0.0,0.0,8.823529411764707,6.333333333333334,12.0,0.0,1.0,31.0,16.225806451612904,1.4166666666666667,batter,106.0,38.07672802112457,35.27514231499051
Harpreet Brar,17.0,17.0,138.0,108.0,9.0,18.0,0.0,0.0,23.0,31.0,115.0,77.0,0.0,0.0,8.373189005250453,15.333333333333334,127.77777777777777,16.666666666666668,0.0,74.19354838709677,149.35064935064935,0.0,20.717307692307692,31.0,523.0,711.0,26.0,166.0,161.0,96.0,88.0,49.0,0.0,3.269142343887492,87.16666666666667,27.346153846153847,8.15678776290631,31.739961759082217,10.775510204081632,10.0625,0.8387096774193549,25.08628878060815,30.84375,9.0,0.0,0.0,31.0,6.352941176470588,2.8118279569892475,bowler,72.0,51.56105769230769,25.08628878060815
M Shahrukh Khan,30.0,30.0,462.0,269.0,18.0,64.0,8.0,9.0,199.0,120.0,255.0,140.0,5.0,2.0,15.535498837756421,25.666666666666668,171.7472118959108,23.79182156133829,88.88888888888889,165.83333333333334,182.14285714285714,13.666666666666666,33.00098522167488,3.0,18.0,28.0,1.0,4.0,0.0,0.0,7.0,6.0,0.0,3.214550253664318,3.0,28.0,9.333333333333334,22.22222222222222,7.0,0.0,0.3333333333333333,8.333333333333332,10.222222222222223,18.0,0.0,1.0,30.0,8.966666666666667,1.0,batter,154.0,43.2232074438971,22.0
R Tewatia,30.0,30.0,374.0,245.0,17.0,52.0,0.0,0.0,61.0,66.0,313.0,179.0,3.0,0.0,10.371490543405708,22.0,152.6530612244898,21.224489795918366,0.0,92.42424242424242,174.86033519553072,7.0,21.253977272727273,2.0,13.0,15.0,0.0,7.0,0.0,0.0,7.0,7.0,0.0,1.4142135623730951,2.1666666666666665,15.0,6.923076923076923,53.84615384615385,6.0,0.0,0.0,18.92307692307692,11.476190476190476,18.0,0.0,0.0,30.0,8.166666666666666,1.0833333333333333,batter,144.0,32.73016774891775,25.92307692307692
PJ Cummins,19.0,19.0,233.0,153.0,9.0,30.0,0.0,0.0,59.0,45.0,174.0,108.0,3.0,0.0,11.718182003778752,25.88888888888889,152.28758169934642,19.607843137254903,0.0,131.11111111111111,161.11111111111111,11.052631578947368,30.337500000000002,30.0,664.0,1016.0,34.0,234.0,408.0,264.0,330.0,184.0,0.0,2.6240205578447213,110.66666666666667,29.88235294117647,9.180722891566266,35.24096385542169,10.76086956521739,9.272727272727273,1.1333333333333333,28.333333333333332,37.50694444444444,12.0,0.0,1.0,30.0,8.052631578947368,3.688888888888889,all_rounder,106.0,67.84444444444445,39.3859649122807
Harshit Rana,8.0,8.0,57.0,54.0,5.0,8.0,0.0,0.0,27.0,21.0,30.0,33.0,1.0,0.0,11.344444833107902,11.4,105.55555555555556,14.814814814814815,0.0,128.57142857142858,90.9090909090909,8.75,9.567857142857143,30.0,619.0,978.0,39.0,236.0,445.0,282.0,254.0,157.0,0.0,2.7537005665971557,103.16666666666667,25.076923076923077,9.479806138933764,38.12600969305331,9.707006369426752,9.46808510638298,1.3,32.5,29.40625,11.0,0.0,0.0,30.0,6.75,3.438888888888889,bowler,88.0,38.97410714285714,41.25
M Pathirana,0.0,0.0,0.0,0.0,0.0,0.0,0.0,0.0,0.0,0.0,0.0,0.0,0.0,0.0,0.0,0.0,0.0,0.0,0.0,0.0,0.0,0.0,0.0,30.0,661.0,964.0,45.0,220.0,0.0,0.0,587.0,385.0,0.0,2.9770085483200877,110.16666666666667,21.42222222222222,8.750378214826021,33.28290468986384,9.148051948051949,0.0,1.5,37.5,21.142628205128204,8.0,0.0,0.0,30.0,0.0,3.6722222222222225,bowler,64.0,21.142628205128204,37.5
C Green,28.0,28.0,707.0,460.0,17.0,94.0,196.0,120.0,307.0,237.0,204.0,103.0,12.0,3.0,24.067228371407488,41.588235294117645,153.69565217391303,20.434782608695652,163.33333333333334,129.53586497890296,198.05825242718447,33.214285714285715,34.59310224089636,29.0,439.0,664.0,16.0,149.0,139.0,96.0,190.0,97.0,0.0,3.6637365098004584,73.16666666666667,41.5,9.075170842824601,33.94077448747153,11.75257731958763,8.6875,0.5517241379310345,13.793103448275861,26.805555555555557,10.0,0.0,3.0,29.0,16.428571428571427,2.5229885057471266,all_rounder,110.0,61.398657796451914,47.00738916256158
Abishek Porel,29.0,29.0,661.0,441.0,26.0,92.0,316.0,208.0,287.0,200.0,58.0,33.0,12.0,3.0,18.885707578455094,25.423076923076923,149.88662131519274,20.861678004535147,151.92307692307693,143.5,175.75757575757575,32.06896551724138,37.37213403594983,0.0,0.0,0.0,0.0,0.0,0.0,0.0,0.0,0.0,0.0,0.0,0.0,0.0,0.0,0.0,0.0,0.0,0.0,0.0,0.0,9.0,0.0,3.0,29.0,15.206896551724139,0.0,batter,102.0,37.37213403594983,32.06896551724138
GJ Maxwell,29.0,29.0,500.0,310.0,27.0,74.0,83.0,49.0,325.0,216.0,92.0,45.0,6.0,5.0,24.72080554110212,18.51851851851852,161.29032258064515,23.870967741935484,169.3877551020408,150.46296296296296,204.44444444444446,19.655172413793103,14.701785714285714,19.0,236.0,333.0,13.0,79.0,107.0,78.0,27.0,14.0,0.0,4.310213288979008,39.333333333333336,25.615384615384617,8.466101694915254,33.47457627118644,11.571428571428571,8.23076923076923,0.6842105263157895,17.512042818911684,26.26736111111111,12.0,0.0,0.0,29.0,10.689655172413794,2.0701754385964914,all_rounder,96.0,40.96914682539683,37.16721523270479
M Theekshana,4.0,4.0,10.0,27.0,2.0,0.0,0.0,0.0,2.0,9.0,8.0,18.0,0.0,0.0,1.7320508075688772,5.0,37.03703703703704,0.0,0.0,22.22222222222222,44.44444444444444,0.0,2.5,29.0,666.0,946.0,24.0,195.0,325.0,222.0,194.0,114.0,0.0,2.0255787688112754,111.0,39.416666666666664,8.522522522522523,29.27927927927928,10.210526315789474,8.783783783783784,0.8275862068965517,20.689655172413794,23.979166666666668,4.0,0.0,2.0,29.0,6.75,3.8275862068965516,bowler,52.0,26.479166666666668,20.689655172413794
T Stubbs,28.0,28.0,709.0,429.0,14.0,89.0,18.0,11.0,254.0,220.0,437.0,198.0,12.0,3.0,19.66017514602774,50.642857142857146,165.26806526806527,20.745920745920746,163.63636363636363,115.45454545454545,220.7070707070707,33.214285714285715,34.051127819548874,5.0,36.0,69.0,4.0,12.0,0.0,0.0,5.0,6.0,0.0,9.289779329994873,6.0,17.25,11.5,33.333333333333336,5.0,0.0,0.8,20.0,23.9,17.0,1.0,1.0,28.0,15.321428571428571,1.2,batter,158.0,57.95112781954887,53.214285714285715
Shashank Singh,28.0,28.0,704.0,443.0,14.0,90.0,34.0,25.0,293.0,231.0,377.0,187.0,11.0,5.0,21.789760227998165,50.285714285714285,158.91647855530474,20.31602708803612,136.0,126.83982683982684,201.6042780748663,32.85714285714286,40.2125,2.0,18.0,32.0,1.0,4.0,0.0,0.0,16.0,6.0,0.0,6.010407640085654,3.0,32.0,10.666666666666666,22.22222222222222,16.0,0.0,0.5,12.5,20.083333333333332,14.0,0.0,1.0,28.0,15.821428571428571,1.5,batter,122.0,60.295833333333334,45.35714285714286
D Padikkal,28.0,28.0,546.0,417.0,26.0,76.0,198.0,153.0,276.0,222.0,72.0,42.0,7.0,4.0,18.719172188091207,21.0,130.93525179856115,18.225419664268586,129.41176470588235,124.32432432432432,171.42857142857142,21.785714285714285,36.648971861471864,0.0,0.0,0.0,0.0,0.0,0.0,0.0,0.0,0.0,0.0,0.0,0.0,0.0,0.0,0.0,0.0,0.0,0.0,0.0,0.0,9.0,0.0,1.0,28.0,14.892857142857142,0.0,batter,82.0,36.648971861471864,21.785714285714285
SN Thakur,17.0,17.0,152.0,99.0,12.0,23.0,0.0,4.0,61.0,27.0,91.0,68.0,1.0,1.0,16.009647826526724,12.666666666666666,153.53535353535352,23.232323232323232,0.0,225.92592592592592,133.8235294117647,5.88235294117647,16.677272727272726,28.0,520.0,904.0,25.0,137.0,333.0,178.0,337.0,185.0,0.0,3.240321116430753,86.66666666666667,36.16,10.430769230769231,26.346153846153847,10.92972972972973,11.224719101123595,0.8928571428571429,22.321428571428573,18.336805555555557,12.0,0.0,0.0,28.0,5.823529411764706,3.0952380952380953,bowler,96.0,35.01407828282828,28.203781512605044
T Natarajan,0.0,0.0,0.0,0.0,0.0,0.0,0.0,0.0,0.0,0.0,0.0,0.0,0.0,0.0,0.0,0.0,0.0,0.0,0.0,0.0,0.0,0.0,0.0,28.0,603.0,928.0,30.0,185.0,265.0,180.0,422.0,254.0,0.0,2.9127005070110132,100.5,30.933333333333334,9.233830845771145,30.679933665008292,9.968503937007874,8.833333333333334,1.0714285714285714,26.785714285714285,21.5734126984127,5.0,0.0,2.0,28.0,0.0,3.5892857142857144,bowler,60.0,21.5734126984127,26.785714285714285
TM Head,27.0,27.0,941.0,526.0,26.0,161.0,663.0,353.0,278.0,173.0,0.0,0.0,12.0,8.0,31.181483291929847,36.19230769230769,178.89733840304183,30.60836501901141,187.81869688385268,160.6936416184971,0.0,40.0,41.77601351351351,1.0,10.0,32.0,0.0,2.0,0.0,0.0,0.0,0.0,0.0,0.0,1.6666666666666667,32.0,19.2,20.0,0.0,0.0,0.0,0.0,2.0,3.0,0.0,0.0,27.0,19.48148148148148,1.6666666666666667,batter,24.0,43.77601351351351,40.0
RM Patidar,27.0,27.0,707.0,440.0,25.0,93.0,99.0,73.0,535.0,318.0,73.0,49.0,10.0,7.0,19.50352440938469,28.28,160.6818181818182,21.136363636363637,135.6164383561644,168.23899371069183,148.9795918367347,33.7037037037037,19.2125,0.0,0.0,0.0,0.0,0.0,0.0,0.0,0.0,0.0,0.0,0.0,0.0,0.0,0.0,0.0,0.0,0.0,0.0,0.0,0.0,5.0,0.0,0.0,27.0,16.296296296296298,0.0,batter,40.0,19.2125,33.7037037037037
N Rana,27.0,27.0,672.0,461.0,25.0,101.0,191.0,133.0,410.0,291.0,71.0,37.0,9.0,5.0,23.514861640007958,26.88,145.7700650759219,21.90889370932755,143.60902255639098,140.89347079037802,191.8918918918919,28.888888888888886,29.006493506493506,8.0,65.0,93.0,3.0,18.0,26.0,6.0,22.0,17.0,0.0,7.5416906734687625,10.833333333333334,31.0,8.584615384615384,27.692307692307693,7.764705882352941,26.0,0.375,9.375,16.25,5.0,0.0,0.0,27.0,17.074074074074073,1.3541666666666667,batter,40.0,45.256493506493506,38.263888888888886
PP Chawla,10.0,10.0,40.0,37.0,6.0,4.0,0.0,0.0,11.0,11.0,29.0,26.0,0.0,0.0,5.811865258054232,6.666666666666667,108.10810810810811,10.81081081081081,0.0,100.0,111.53846153846153,0.0,5.425,27.0,576.0,807.0,35.0,185.0,115.0,78.0,37.0,30.0,0.0,3.1196178723548287,96.0,23.057142857142857,8.40625,32.11805555555556,7.4,8.846153846153847,1.2962962962962963,33.532407407407405,31.07638888888889,2.0,0.0,0.0,27.0,3.7,3.5555555555555554,bowler,16.0,36.50138888888889,33.532407407407405
VG Arora,5.0,5.0,4.0,11.0,2.0,0.0,0.0,0.0,0.0,7.0,4.0,4.0,0.0,0.0,0.8366600265340756,2.0,36.36363636363637,0.0,0.0,0.0,100.0,0.0,3.6799999999999997,27.0,531.0,852.0,33.0,199.0,516.0,348.0,214.0,123.0,0.0,2.47960787370586,88.5,25.818181818181817,9.627118644067796,37.47645951035781,10.439024390243903,8.89655172413793,1.2222222222222223,30.555555555555557,28.51736111111111,8.0,0.0,2.0,27.0,2.2,3.2777777777777777,bowler,84.0,32.19736111111111,30.555555555555557
Suyash Sharma,0.0,0.0,0.0,0.0,0.0,0.0,0.0,0.0,0.0,0.0,0.0,0.0,0.0,0.0,0.0,0.0,0.0,0.0,0.0,0.0,0.0,0.0,0.0,27.0,558.0,814.0,18.0,178.0,22.0,18.0,127.0,72.0,0.0,2.7454637540989726,93.0,45.22222222222222,8.75268817204301,31.899641577060933,10.583333333333334,7.333333333333333,0.6666666666666666,16.666666666666664,21.041666666666668,2.0,0.0,1.0,27.0,0.0,3.4444444444444446,bowler,26.0,21.041666666666668,16.666666666666664
MR Marsh,26.0,26.0,816.0,518.0,25.0,123.0,403.0,264.0,373.0,236.0,40.0,18.0,11.0,8.0,31.94755317463536,32.64,157.52895752895753,23.745173745173744,152.65151515151516,158.05084745762713,222.22222222222223,38.84615384615385,59.06260557432433,11.0,169.0,273.0,13.0,43.0,30.0,24.0,68.0,31.0,0.0,4.466038083878447,28.166666666666668,21.0,9.692307692307692,25.443786982248522,13.161290322580646,7.5,1.1818181818181819,29.545454545454547,27.788194444444443,4.0,0.0,0.0,26.0,19.923076923076923,2.5606060606060606,all_rounder,32.0,86.85080001876878,68.3916083916084
RR Pant,26.0,26.0,715.0,489.0,22.0,100.0,77.0,72.0,428.0,317.0,210.0,100.0,8.0,5.0,28.840596387730958,32.5,146.21676891615542,20.449897750511248,106.94444444444444,135.01577287066246,210.0,27.30769230769231,41.94531615925059,0.0,0.0,0.0,0.0,0.0,0.0,0.0,0.0,0.0,0.0,0.0,0.0,0.0,0.0,0.0,0.0,0.0,0.0,0.0,0.0,16.0,6.0,2.0,26.0,18.807692307692307,0.0,wicketkeeper,220.0,41.94531615925059,27.30769230769231
WP Saha,26.0,26.0,507.0,402.0,25.0,76.0,417.0,320.0,90.0,82.0,0.0,0.0,6.0,2.0,19.500256408570632,20.28,126.11940298507463,18.90547263681592,130.3125,109.7560975609756,0.0,18.46153846153846,20.44133484162896,0.0,0.0,0.0,0.0,0.0,0.0,0.0,0.0,0.0,0.0,0.0,0.0,0.0,0.0,0.0,0.0,0.0,0.0,0.0,0.0,14.0,4.0,7.0,26.0,15.461538461538462,0.0,wicketkeeper,230.0,20.44133484162896,18.46153846153846
KD Karthik,26.0,26.0,466.0,278.0,19.0,67.0,0.0,0.0,110.0,88.0,356.0,190.0,4.0,2.0,18.708122464690202,24.526315789473685,167.62589928057554,24.100719424460433,0.0,125.0,187.3684210526316,13.076923076923078,39.29642857142857,0.0,0.0,0.0,0.0,0.0,0.0,0.0,0.0,0.0,0.0,0.0,0.0,0.0,0.0,0.0,0.0,0.0,0.0,0.0,0.0,12.0,3.0,4.0,26.0,10.692307692307692,0.0,wicketkeeper,172.0,39.29642857142857,13.076923076923078
DJ Hooda,26.0,26.0,260.0,236.0,23.0,27.0,75.0,76.0,137.0,128.0,48.0,32.0,1.0,1.0,10.844353369380766,11.304347826086957,110.16949152542372,11.440677966101696,98.6842105263158,107.03125,150.0,3.8461538461538467,7.9125,4.0,30.0,45.0,0.0,6.0,0.0,0.0,0.0,0.0,0.0,3.727711541057507,5.0,45.0,9.0,20.0,0.0,0.0,0.0,0.0,4.125,17.0,0.0,1.0,26.0,9.076923076923077,1.25,batter,146.0,12.0375,3.8461538461538467
Mohammed Shami,6.0,6.0,15.0,16.0,3.0,2.0,0.0,0.0,0.0,0.0,15.0,16.0,0.0,0.0,2.4289915602982237,5.0,93.75,12.5,0.0,0.0,93.75,0.0,8.4,26.0,570.0,859.0,34.0,239.0,556.0,396.0,186.0,102.0,0.0,3.5794224334751212,95.0,25.264705882352942,9.042105263157895,41.92982456140351,10.941176470588236,8.424242424242424,1.3076923076923077,32.69230769230769,15.444444444444445,6.0,0.0,0.0,26.0,2.6666666666666665,3.6538461538461537,bowler,48.0,23.844444444444445,32.69230769230769
M Jansen,16.0,16.0,132.0,119.0,8.0,13.0,0.0,0.0,32.0,31.0,100.0,88.0,1.0,0.0,10.076375009562383,16.5,110.92436974789916,10.92436974789916,0.0,103.2258064516129,113.63636363636364,4.375,13.926315789473684,25.0,505.0,830.0,27.0,190.0,400.0,258.0,124.0,67.0,0.0,3.585983213909993,84.16666666666667,30.74074074074074,9.861386138613861,37.62376237623762,11.104477611940299,9.30232558139535,1.08,27.0,33.611111111111114,15.0,0.0,0.0,25.0,7.4375,3.3666666666666667,bowler,120.0,47.5374269005848,31.375
JJ Bumrah,5.0,5.0,12.0,13.0,0.0,1.0,0.0,0.0,0.0,0.0,12.0,13.0,0.0,0.0,3.2093613071762426,12.0,92.3076923076923,7.6923076923076925,0.0,0.0,92.3076923076923,0.0,5.58,25.0,595.0,652.0,38.0,269.0,249.0,216.0,223.0,199.0,0.0,2.2112263047088647,99.16666666666667,17.157894736842106,6.574789915966386,45.21008403361345,6.723618090452261,6.916666666666667,1.52,61.102521008403365,49.893750000000004,3.0,0.0,0.0,25.0,2.6,3.966666666666667,bowler,24.0,55.47375,61.102521008403365
LS Livingstone,24.0,24.0,502.0,333.0,19.0,67.0,33.0,40.0,235.0,191.0,234.0,102.0,5.0,3.0,25.115241633694083,26.42105263157895,150.75075075075074,20.12012012012012,82.5,123.03664921465969,229.41176470588235,18.333333333333336,21.875,14.0,168.0,254.0,7.0,40.0,7.0,6.0,7.0,12.0,0.0,4.046495076652437,28.0,36.285714285714285,9.071428571428571,23.80952380952381,3.5,7.0,0.5,12.5,15.142361111111112,8.0,0.0,0.0,24.0,13.875,2.0,all_rounder,64.0,37.017361111111114,30.833333333333336
RA Tripathi,24.0,24.0,493.0,385.0,22.0,70.0,234.0,177.0,235.0,189.0,24.0,19.0,6.0,2.0,18.196939940231868,22.40909090909091,128.05194805194805,18.181818181818183,132.20338983050848,124.33862433862434,126.3157894736842,20.0,28.5718984962406,0.0,0.0,0.0,0.0,0.0,0.0,0.0,0.0,0.0,0.0,0.0,0.0,0.0,0.0,0.0,0.0,0.0,0.0,0.0,0.0,5.0,0.0,0.0,24.0,16.041666666666668,0.0,batter,40.0,28.5718984962406,20.0
RD Chahar,4.0,4.0,21.0,24.0,3.0,4.0,0.0,0.0,1.0,9.0,20.0,15.0,0.0,0.0,7.544313531837518,7.0,87.5,16.666666666666668,0.0,11.11111111111111,133.33333333333334,0.0,8.55,24.0,490.0,673.0,18.0,150.0,9.0,6.0,111.0,70.0,0.0,3.1338019166281597,81.66666666666667,37.388888888888886,8.240816326530613,30.612244897959183,9.514285714285714,9.0,0.75,21.860204081632645,29.083333333333336,6.0,0.0,0.0,24.0,6.0,3.402777777777778,bowler,48.0,37.63333333333334,21.860204081632645
MA Starc,10.0,10.0,15.0,21.0,4.0,1.0,0.0,0.0,0.0,0.0,15.0,21.0,0.0,0.0,1.7795130420052185,3.75,71.42857142857143,4.761904761904762,0.0,0.0,71.42857142857143,0.0,1.0,24.0,484.0,844.0,31.0,186.0,563.0,317.0,221.0,119.0,0.0,3.07142840942476,80.66666666666667,27.225806451612904,10.462809917355372,38.429752066115704,11.142857142857142,10.656151419558359,1.2916666666666667,32.29166666666667,15.761494252873565,12.0,0.0,2.0,24.0,2.1,3.361111111111111,bowler,116.0,16.761494252873565,32.29166666666667
I Sharma,3.0,3.0,2.0,8.0,0.0,0.0,0.0,0.0,0.0,0.0,2.0,8.0,0.0,0.0,0.5773502691896258,2.0,25.0,0.0,0.0,0.0,25.0,0.0,0.6666666666666666,24.0,422.0,676.0,24.0,157.0,393.0,258.0,141.0,74.0,0.0,3.310745859186776,70.33333333333333,28.166666666666668,9.611374407582938,37.203791469194314,11.432432432432432,9.13953488372093,1.0,25.0,20.072916666666668,4.0,0.0,1.0,24.0,2.6666666666666665,2.9305555555555554,bowler,42.0,20.739583333333336,25.0
Q de Kock,23.0,23.0,545.0,405.0,22.0,76.0,297.0,229.0,205.0,153.0,43.0,23.0,5.0,5.0,28.002329095677183,24.772727272727273,134.5679012345679,18.765432098765434,129.6943231441048,133.98692810457516,186.95652173913044,21.73913043478261,25.212243852459018,0.0,0.0,0.0,0.0,0.0,0.0,0.0,0.0,0.0,0.0,0.0,0.0,0.0,0.0,0.0,0.0,0.0,0.0,0.0,0.0,8.0,1.0,2.0,23.0,17.608695652173914,0.0,batter,96.0,25.212243852459018,21.73913043478261
Shahbaz Ahmed,19.0,19.0,266.0,213.0,14.0,25.0,7.0,12.0,95.0,91.0,164.0,110.0,2.0,1.0,14.57166199626293,19.0,124.88262910798122,11.737089201877934,58.333333333333336,104.3956043956044,149.0909090909091,8.947368421052632,13.45,23.0,258.0,467.0,9.0,67.0,129.0,72.0,33.0,15.0,0.0,4.954002188247339,43.0,51.888888888888886,10.86046511627907,25.968992248062015,13.2,10.75,0.391304347826087,9.782608695652174,18.065972222222225,8.0,0.0,1.0,23.0,11.210526315789474,1.8695652173913044,batter,74.0,31.515972222222224,18.729977116704806
DA Warner,22.0,22.0,684.0,517.0,21.0,106.0,424.0,292.0,228.0,195.0,32.0,30.0,10.0,7.0,25.324388942769684,32.57142857142857,132.3017408123791,20.502901353965182,145.2054794520548,116.92307692307692,106.66666666666667,41.36363636363636,28.183031674208145,0.0,0.0,0.0,0.0,0.0,0.0,0.0,0.0,0.0,0.0,0.0,0.0,0.0,0.0,0.0,0.0,0.0,0.0,0.0,0.0,12.0,0.0,0.0,22.0,23.5,0.0,batter,96.0,28.183031674208145,41.36363636363636
V Shankar,22.0,22.0,502.0,351.0,16.0,62.0,82.0,60.0,238.0,198.0,182.0,93.0,4.0,4.0,19.372627630208076,31.375,143.019943019943,17.663817663817664,136.66666666666666,120.20202020202021,195.69892473118279,18.181818181818183,25.98392857142857,0.0,0.0,0.0,0.0,0.0,0.0,0.0,0.0,0.0,0.0,0.0,0.0,0.0,0.0,0.0,0.0,0.0,0.0,0.0,0.0,8.0,0.0,2.0,22.0,15.954545454545455,0.0,batter,84.0,25.98392857142857,18.181818181818183
Nithish Kumar Reddy,22.0,22.0,485.0,365.0,17.0,56.0,71.0,74.0,314.0,234.0,100.0,57.0,7.0,2.0,19.069989569071666,28.529411764705884,132.87671232876713,15.342465753424657,95.94594594594595,134.18803418803418,175.43859649122808,25.0,23.12596153846154,12.0,139.0,254.0,5.0,38.0,27.0,18.0,78.0,31.0,0.0,3.508227108137788,23.166666666666668,50.8,10.964028776978417,27.33812949640288,15.096774193548388,9.0,0.4166666666666667,10.416666666666668,9.45138888888889,12.0,0.0,2.0,22.0,16.59090909090909,1.9305555555555556,batter,116.0,32.577350427350424,35.41666666666667
DP Conway,21.0,21.0,828.0,600.0,18.0,116.0,378.0,292.0,379.0,260.0,71.0,48.0,13.0,8.0,30.608122171363974,46.0,138.0,19.333333333333332,129.45205479452054,145.76923076923077,147.91666666666666,54.76190476190476,38.94122448979592,0.0,0.0,0.0,0.0,0.0,0.0,0.0,0.0,0.0,0.0,0.0,0.0,0.0,0.0,0.0,0.0,0.0,0.0,0.0,0.0,8.0,0.0,0.0,21.0,28.571428571428573,0.0,batter,64.0,38.94122448979592,54.76190476190476
KV Sharma,6.0,6.0,35.0,21.0,4.0,5.0,0.0,0.0,1.0,3.0,34.0,18.0,0.0,0.0,7.250287350627331,8.75,166.66666666666666,23.80952380952381,0.0,33.333333333333336,188.88888888888889,0.0,13.104761904761906,21.0,363.0,605.0,24.0,100.0,0.0,0.0,56.0,36.0,0.0,3.0937458246457847,60.5,25.208333333333332,10.0,27.548209366391184,9.333333333333334,0.0,1.1428571428571428,28.57142857142857,22.65277777777778,6.0,0.0,0.0,21.0,3.5,2.880952380952381,bowler,48.0,35.75753968253969,28.57142857142857
JD Unadkat,6.0,6.0,33.0,33.0,3.0,4.0,0.0,0.0,0.0,5.0,33.0,28.0,0.0,0.0,2.8809720581775866,11.0,100.0,12.121212121212121,0.0,0.0,117.85714285714286,0.0,25.057142857142853,21.0,378.0,586.0,19.0,109.0,158.0,108.0,154.0,84.0,0.0,3.2968795033704263,63.0,30.842105263157894,9.301587301587302,28.835978835978835,11.0,8.777777777777779,0.9047619047619048,22.61904761904762,33.54616013071896,0.0,0.0,3.0,21.0,5.5,3.0,bowler,30.0,58.60330298786181,22.61904761904762
K Rabada,7.0,7.0,29.0,24.0,3.0,3.0,0.0,0.0,0.0,0.0,29.0,24.0,0.0,0.0,4.450789122113495,9.666666666666666,120.83333333333333,12.5,0.0,0.0,120.83333333333333,0.0,9.071428571428573,21.0,474.0,766.0,20.0,173.0,367.0,234.0,210.0,108.0,0.0,3.1623299460730987,79.0,38.3,9.69620253164557,36.49789029535865,11.666666666666666,9.41025641025641,0.9523809523809523,23.809523809523807,11.145833333333334,5.0,0.0,0.0,21.0,3.4285714285714284,3.761904761904762,bowler,40.0,20.217261904761905,23.809523809523807
Yash Thakur,0.0,0.0,0.0,0.0,0.0,0.0,0.0,0.0,0.0,0.0,0.0,0.0,0.0,0.0,0.0,0.0,0.0,0.0,0.0,0.0,0.0,0.0,0.0,21.0,443.0,770.0,25.0,138.0,183.0,108.0,343.0,181.0,0.0,2.940711263447951,73.83333333333333,30.8,10.428893905191874,31.151241534988714,11.370165745856353,10.166666666666666,1.1904761904761905,29.761904761904763,13.791666666666668,2.0,0.0,1.0,21.0,0.0,3.515873015873016,bowler,26.0,13.791666666666668,29.761904761904763
MK Lomror,20.0,20.0,260.0,165.0,16.0,35.0,3.0,10.0,133.0,80.0,124.0,75.0,4.0,1.0,15.37256613170632,16.25,157.57575757575756,21.21212121212121,30.0,166.25,165.33333333333334,15.5,16.277907754010695,3.0,18.0,35.0,0.0,4.0,0.0,0.0,0.0,0.0,0.0,7.094598884597588,3.0,35.0,11.666666666666666,22.22222222222222,0.0,0.0,0.0,0.0,10.222222222222223,8.0,0.0,0.0,20.0,8.25,1.0,batter,64.0,26.50012997623292,15.5
MM Ali,17.0,17.0,257.0,203.0,14.0,33.0,45.0,40.0,135.0,118.0,77.0,45.0,2.0,1.0,13.429828521528005,18.357142857142858,126.60098522167488,16.25615763546798,112.5,114.40677966101696,171.11111111111111,10.0,25.6375,20.0,300.0,402.0,17.0,95.0,51.0,54.0,22.0,18.0,0.0,3.9229862230745542,50.0,23.647058823529413,8.04,31.666666666666668,7.333333333333333,5.666666666666667,0.85,26.77000000000001,22.46527777777778,7.0,0.0,2.0,20.0,11.941176470588236,2.5,all_rounder,76.0,48.102777777777774,36.77000000000001
R Sai Kishore,4.0,4.0,18.0,16.0,3.0,2.0,0.0,0.0,0.0,0.0,18.0,16.0,0.0,0.0,5.744562646538029,6.0,112.5,12.5,0.0,0.0,112.5,0.0,9.6,20.0,345.0,530.0,26.0,104.0,33.0,18.0,123.0,69.0,0.0,5.223633595333628,57.5,20.384615384615383,9.217391304347826,30.144927536231883,10.695652173913043,11.0,1.3,32.5,27.05902777777778,5.0,0.0,0.0,20.0,4.0,2.875,bowler,40.0,36.65902777777778,32.5
WG Jacks,19.0,19.0,463.0,303.0,16.0,67.0,190.0,128.0,244.0,169.0,29.0,6.0,5.0,3.0,24.45451679777921,28.9375,152.8052805280528,22.112211221122113,148.4375,144.37869822485206,483.3333333333333,23.157894736842103,35.34553571428572,13.0,138.0,220.0,8.0,42.0,60.0,36.0,11.0,6.0,0.0,4.06736367853273,23.0,27.5,9.565217391304348,30.434782608695652,11.0,10.0,0.6153846153846154,15.384615384615385,22.697916666666668,9.0,0.0,1.0,19.0,15.947368421052632,1.7692307692307692,batter,82.0,58.04345238095239,38.54251012145749
Naman Dhir,19.0,19.0,392.0,217.0,14.0,60.0,73.0,50.0,72.0,45.0,247.0,122.0,5.0,1.0,16.43238849993711,28.0,180.6451612903226,27.649769585253456,146.0,160.0,202.45901639344262,19.999999999999996,37.13054812834225,5.0,52.0,76.0,0.0,11.0,6.0,6.0,8.0,12.0,0.0,8.211103593441154,8.666666666666666,76.0,8.76923076923077,21.153846153846153,4.0,6.0,0.0,0.0,6.244444444444445,15.0,0.0,1.0,19.0,11.421052631578947,1.7333333333333332,batter,130.0,43.374992572786695,19.999999999999996
MJ Santner,13.0,13.0,56.0,54.0,5.0,6.0,0.0,0.0,16.0,18.0,40.0,36.0,0.0,0.0,5.807819662383572,11.2,103.70370370370371,11.11111111111111,0.0,88.88888888888889,111.11111111111111,0.0,9.5375,19.0,363.0,458.0,15.0,120.0,73.0,60.0,64.0,33.0,0.0,3.263231201769937,60.5,30.533333333333335,7.570247933884297,33.05785123966942,11.636363636363637,7.3,0.7894736842105263,30.89386689865159,32.416666666666664,9.0,0.0,2.0,19.0,4.153846153846154,3.1842105263157894,bowler,92.0,41.954166666666666,30.89386689865159
PWH de Silva,10.0,10.0,42.0,43.0,7.0,3.0,0.0,0.0,8.0,11.0,34.0,32.0,0.0,0.0,3.794733192202055,6.0,97.67441860465117,6.976744186046512,0.0,72.72727272727273,106.25,0.0,5.6,19.0,420.0,629.0,20.0,116.0,43.0,30.0,54.0,42.0,0.0,2.1317092989928543,70.0,31.45,8.985714285714286,27.61904761904762,7.714285714285714,8.6,1.0526315789473684,26.31578947368421,15.302083333333332,2.0,0.0,2.0,19.0,4.3,3.6842105263157894,bowler,36.0,20.90208333333333,26.31578947368421
Priyansh Arya,18.0,18.0,545.0,299.0,18.0,91.0,384.0,218.0,161.0,81.0,0.0,0.0,6.0,4.0,28.776635856920976,30.27777777777778,182.2742474916388,30.434782608695652,176.14678899082568,198.76543209876544,0.0,30.0,36.67802963290579,0.0,0.0,0.0,0.0,0.0,0.0,0.0,0.0,0.0,0.0,0.0,0.0,0.0,0.0,0.0,0.0,0.0,0.0,0.0,0.0,8.0,0.0,0.0,18.0,16.61111111111111,0.0,batter,64.0,36.67802963290579,30.0
A Raghuvanshi,18.0,18.0,463.0,320.0,16.0,62.0,154.0,92.0,251.0,184.0,58.0,44.0,8.0,2.0,16.24375194110594,28.9375,144.6875,19.375,167.3913043478261,136.41304347826087,131.8181818181818,34.44444444444444,37.249214595887985,0.0,0.0,0.0,0.0,0.0,0.0,0.0,0.0,0.0,0.0,0.0,0.0,0.0,0.0,0.0,0.0,0.0,0.0,0.0,0.0,6.0,0.0,0.0,18.0,17.77777777777778,0.0,batter,48.0,37.249214595887985,34.44444444444444
MA Agarwal,18.0,18.0,429.0,331.0,17.0,56.0,234.0,190.0,180.0,130.0,15.0,11.0,5.0,1.0,20.583402794198907,25.235294117647058,129.607250755287,16.91842900302115,123.15789473684211,138.46153846153845,136.36363636363637,21.111111111111114,26.740402532250357,0.0,0.0,0.0,0.0,0.0,0.0,0.0,0.0,0.0,0.0,0.0,0.0,0.0,0.0,0.0,0.0,0.0,0.0,0.0,0.0,8.0,0.0,0.0,18.0,18.38888888888889,0.0,batter,64.0,26.740402532250357,21.111111111111114
R Ravindra,18.0,18.0,413.0,287.0,16.0,56.0,275.0,200.0,114.0,78.0,24.0,9.0,7.0,2.0,21.55013913486468,25.8125,143.90243902439025,19.51219512195122,137.5,146.15384615384616,266.6666666666667,30.555555555555554,30.731636491138595,2.0,12.0,7.0,0.0,5.0,0.0,0.0,0.0,0.0,0.0,0.7071067811865476,2.0,7.0,3.5,41.666666666666664,0.0,0.0,0.0,60.0,31.166666666666668,10.0,0.0,1.0,18.0,15.944444444444445,1.0,batter,90.0,61.89830315780526,90.55555555555556
Ashutosh Sharma,18.0,18.0,393.0,240.0,14.0,52.0,0.0,0.0,121.0,94.0,272.0,146.0,7.0,2.0,20.035997017133646,28.071428571428573,163.75,21.666666666666668,0.0,128.72340425531914,186.3013698630137,30.555555555555554,23.367480545770018,0.0,0.0,0.0,0.0,0.0,0.0,0.0,0.0,0.0,0.0,0.0,0.0,0.0,0.0,0.0,0.0,0.0,0.0,0.0,0.0,4.0,0.0,0.0,18.0,13.333333333333334,0.0,batter,32.0,23.367480545770018,30.555555555555554
Rahmanullah Gurbaz,18.0,18.0,363.0,269.0,17.0,56.0,252.0,195.0,111.0,73.0,0.0,1.0,4.0,2.0,21.67473454617285,21.352941176470587,134.9442379182156,20.817843866171003,129.23076923076923,152.05479452054794,0.0,18.88888888888889,26.46361607142857,0.0,0.0,0.0,0.0,0.0,0.0,0.0,0.0,0.0,0.0,0.0,0.0,0.0,0.0,0.0,0.0,0.0,0.0,0.0,0.0,17.0,0.0,1.0,18.0,14.944444444444445,0.0,batter,146.0,26.46361607142857,18.88888888888889
Arshad Khan,10.0,10.0,119.0,84.0,5.0,14.0,0.0,0.0,39.0,30.0,80.0,54.0,1.0,1.0,18.199206331901156,23.8,141.66666666666666,16.666666666666668,0.0,130.0,148.14814814814815,10.0,17.068831168831167,18.0,260.0,497.0,12.0,90.0,322.0,186.0,144.0,56.0,0.0,4.996224043360006,43.333333333333336,41.416666666666664,11.46923076923077,34.61538461538461,15.428571428571429,10.387096774193548,0.6666666666666666,16.666666666666664,24.17361111111111,6.0,0.0,0.0,18.0,8.4,2.4074074074074074,all_rounder,48.0,41.24244227994228,26.666666666666664
A Nortje,9.0,9.0,41.0,37.0,4.0,6.0,0.0,0.0,0.0,0.0,41.0,37.0,0.0,0.0,7.17828515578601,10.25,110.8108108108108,16.216216216216218,0.0,0.0,110.8108108108108,0.0,7.608928571428571,18.0,414.0,741.0,18.0,140.0,231.0,138.0,375.0,180.0,0.0,3.0737463569179986,69.0,41.166666666666664,10.73913043478261,33.81642512077295,12.5,10.043478260869565,1.0,25.0,21.21875,3.0,0.0,1.0,18.0,4.111111111111111,3.8333333333333335,bowler,34.0,28.82767857142857,25.0
RR Rossouw,17.0,17.0,420.0,257.0,15.0,64.0,119.0,76.0,240.0,153.0,61.0,28.0,7.0,2.0,23.973330770572833,28.0,163.42412451361866,24.90272373540856,156.57894736842104,156.86274509803923,217.85714285714286,32.35294117647059,41.16540452301322,0.0,0.0,0.0,0.0,0.0,0.0,0.0,0.0,0.0,0.0,0.0,0.0,0.0,0.0,0.0,0.0,0.0,0.0,0.0,0.0,7.0,0.0,0.0,17.0,15.117647058823529,0.0,batter,56.0,41.16540452301322,32.35294117647059
JC Archer,9.0,9.0,67.0,54.0,5.0,7.0,0.0,0.0,32.0,27.0,35.0,27.0,1.0,0.0,10.17486008639813,13.4,124.07407407407408,12.962962962962964,0.0,118.51851851851852,129.62962962962962,7.777777777777778,13.355357142857143,17.0,393.0,621.0,13.0,146.0,277.0,204.0,242.0,117.0,0.0,3.5328298059641225,65.5,47.76923076923077,9.48091603053435,37.150127226463106,12.41025641025641,8.147058823529411,0.7647058823529411,19.11764705882353,20.145833333333336,1.0,0.0,0.0,17.0,6.0,3.8529411764705883,bowler,8.0,33.50119047619048,26.895424836601308
M Markande,3.0,3.0,21.0,13.0,0.0,3.0,0.0,0.0,0.0,0.0,21.0,13.0,0.0,0.0,9.539392014169456,21.0,161.53846153846155,23.076923076923077,0.0,0.0,161.53846153846155,0.0,13.299999999999999,17.0,360.0,559.0,20.0,105.0,0.0,0.0,117.0,54.0,0.0,3.1275724705949703,60.0,27.95,9.316666666666666,29.166666666666668,13.0,0.0,1.1764705882352942,29.411764705882355,19.979166666666664,2.0,0.0,0.0,17.0,4.333333333333333,3.5294117647058822,bowler,16.0,33.27916666666666,29.411764705882355
Naveen-ul-Haq,4.0,4.0,18.0,25.0,1.0,2.0,0.0,0.0,1.0,5.0,17.0,20.0,0.0,0.0,5.686240703077327,18.0,72.0,8.0,0.0,20.0,85.0,0.0,5.25,17.0,387.0,591.0,25.0,133.0,232.0,144.0,256.0,159.0,0.0,3.605310308788363,64.5,23.64,9.162790697674419,34.366925064599485,9.660377358490566,9.666666666666666,1.4705882352941178,36.76470588235294,34.143417874396135,6.0,0.0,1.0,17.0,6.25,3.7941176470588234,bowler,58.0,39.393417874396135,36.76470588235294
Akash Madhwal,2.0,2.0,8.0,14.0,0.0,0.0,0.0,0.0,2.0,5.0,6.0,9.0,0.0,0.0,0.0,8.0,57.142857142857146,0.0,0.0,40.0,66.66666666666667,0.0,4.0,17.0,352.0,590.0,23.0,105.0,105.0,78.0,255.0,136.0,0.0,4.067113668252015,58.666666666666664,25.652173913043477,10.056818181818182,29.829545454545453,11.25,8.076923076923077,1.3529411764705883,33.82352941176471,16.71783625730994,1.0,0.0,1.0,17.0,7.0,3.4509803921568625,bowler,18.0,20.71783625730994,33.82352941176471
S Dhawan,16.0,16.0,525.0,382.0,14.0,83.0,258.0,196.0,185.0,139.0,82.0,47.0,7.0,4.0,31.104595051749726,37.5,137.434554973822,21.727748691099478,131.6326530612245,133.0935251798561,174.46808510638297,38.125,28.692736486486485,0.0,0.0,0.0,0.0,0.0,0.0,0.0,0.0,0.0,0.0,0.0,0.0,0.0,0.0,0.0,0.0,0.0,0.0,0.0,0.0,7.0,0.0,0.0,16.0,23.875,0.0,batter,56.0,28.692736486486485,38.125
PP Shaw,16.0,16.0,304.0,206.0,16.0,52.0,218.0,153.0,86.0,53.0,0.0,0.0,4.0,2.0,19.452506265260528,19.0,147.5728155339806,25.24271844660194,142.48366013071896,162.26415094339623,0.0,21.25,41.109632034632035,0.0,0.0,0.0,0.0,0.0,0.0,0.0,0.0,0.0,0.0,0.0,0.0,0.0,0.0,0.0,0.0,0.0,0.0,0.0,0.0,3.0,0.0,0.0,16.0,12.875,0.0,batter,24.0,41.109632034632035,21.25
Ramandeep Singh,16.0,16.0,172.0,97.0,9.0,22.0,0.0,0.0,78.0,47.0,94.0,50.0,1.0,0.0,10.914821727052317,19.11111111111111,177.31958762886597,22.68041237113402,0.0,165.95744680851064,188.0,4.375,15.96875,1.0,4.0,9.0,0.0,0.0,0.0,0.0,9.0,4.0,0.0,0.0,0.6666666666666666,9.0,13.5,0.0,13.5,0.0,0.0,0.0,0.0,16.0,0.0,1.0,16.0,6.0625,0.6666666666666666,batter,138.0,15.96875,4.375
Vijaykumar Vyshak,4.0,4.0,14.0,12.0,2.0,1.0,0.0,0.0,0.0,0.0,14.0,12.0,0.0,0.0,6.3508529610858835,7.0,116.66666666666667,8.333333333333334,0.0,0.0,116.66666666666667,0.0,5.7875,16.0,333.0,576.0,17.0,94.0,66.0,42.0,175.0,81.0,0.0,3.4159462212607696,55.5,33.88235294117647,10.378378378378379,28.22822822822823,12.962962962962964,9.428571428571429,1.0625,26.5625,20.1453373015873,5.0,0.0,1.0,16.0,3.0,3.46875,bowler,50.0,25.9328373015873,26.5625
J Fraser-McGurk,15.0,15.0,385.0,193.0,14.0,69.0,298.0,144.0,87.0,49.0,0.0,0.0,5.0,4.0,26.74393567218735,27.5,199.4818652849741,35.751295336787564,206.94444444444446,177.55102040816325,0.0,31.333333333333332,15.81875,0.0,0.0,0.0,0.0,0.0,0.0,0.0,0.0,0.0,0.0,0.0,0.0,0.0,0.0,0.0,0.0,0.0,0.0,0.0,0.0,8.0,0.0,2.0,15.0,12.866666666666667,0.0,batter,84.0,15.81875,31.333333333333332
Azmatullah Omarzai,9.0,9.0,99.0,74.0,8.0,13.0,0.0,0.0,70.0,56.0,29.0,18.0,0.0,0.0,8.015609770940697,12.375,133.78378378378378,17.56756756756757,0.0,125.0,161.11111111111111,0.0,15.7625,15.0,288.0,465.0,12.0,95.0,259.0,162.0,95.0,48.0,0.0,1.866528481279772,48.0,38.75,9.6875,32.986111111111114,11.875,9.592592592592593,0.8,20.0,20.864583333333336,0.0,0.0,0.0,15.0,8.222222222222221,3.2,all_rounder,0.0,36.62708333333333,20.0
UT Yadav,7.0,7.0,31.0,33.0,3.0,2.0,0.0,0.0,1.0,2.0,30.0,31.0,0.0,0.0,2.9920529661723827,10.333333333333334,93.93939393939394,6.0606060606060606,0.0,50.0,96.7741935483871,0.0,9.485714285714286,15.0,240.0,399.0,9.0,96.0,272.0,186.0,44.0,18.0,0.0,3.470710782150154,40.0,44.333333333333336,9.975,40.0,14.666666666666666,8.774193548387096,0.6,15.0,23.336805555555557,4.0,0.0,0.0,15.0,4.714285714285714,2.6666666666666665,bowler,32.0,32.822519841269845,15.0
JR Hazlewood,2.0,2.0,1.0,3.0,0.0,0.0,0.0,0.0,0.0,1.0,1.0,2.0,0.0,0.0,0.7071067811865476,1.0,33.333333333333336,0.0,0.0,0.0,50.0,0.0,0.5,15.0,318.0,462.0,25.0,146.0,211.0,168.0,156.0,89.0,0.0,2.850100159310279,53.0,18.48,8.716981132075471,45.911949685534594,10.51685393258427,7.535714285714286,1.6666666666666667,41.66666666666667,38.86129385964912,1.0,0.0,0.0,15.0,1.5,3.533333333333333,bowler,8.0,39.36129385964912,41.66666666666667
M Prasidh Krishna,0.0,0.0,0.0,0.0,0.0,0.0,0.0,0.0,0.0,0.0,0.0,0.0,0.0,0.0,0.0,0.0,0.0,0.0,0.0,0.0,0.0,0.0,0.0,15.0,354.0,488.0,25.0,135.0,120.0,78.0,179.0,108.0,0.0,3.1063597504910634,59.0,19.52,8.271186440677965,38.13559322033898,9.944444444444445,9.23076923076923,1.6666666666666667,44.41242937853109,33.760416666666664,4.0,0.0,0.0,15.0,0.0,3.933333333333333,bowler,32.0,33.760416666666664,44.41242937853109
RD Rickelton,14.0,14.0,388.0,257.0,13.0,64.0,297.0,194.0,91.0,63.0,0.0,0.0,5.0,3.0,20.50676650589928,29.846153846153847,150.9727626459144,24.90272373540856,153.09278350515464,144.44444444444446,0.0,31.428571428571427,40.92093106407323,0.0,0.0,0.0,0.0,0.0,0.0,0.0,0.0,0.0,0.0,0.0,0.0,0.0,0.0,0.0,0.0,0.0,0.0,0.0,0.0,11.0,5.0,4.0,14.0,18.357142857142858,0.0,wicketkeeper,188.0,40.92093106407323,31.428571428571427
Washington Sundar,11.0,11.0,193.0,141.0,9.0,23.0,23.0,9.0,96.0,80.0,74.0,52.0,2.0,0.0,17.166034116030623,21.444444444444443,136.87943262411346,16.31205673758865,255.55555555555554,120.0,142.30769230769232,12.727272727272728,30.373599137931034,14.0,201.0,330.0,6.0,53.0,123.0,42.0,34.0,27.0,0.0,5.010596755065737,33.5,55.0,9.850746268656716,26.3681592039801,7.555555555555555,17.571428571428573,0.42857142857142855,10.714285714285714,19.394886363636363,5.0,0.0,1.0,14.0,12.818181818181818,2.392857142857143,all_rounder,50.0,49.7684855015674,23.441558441558442
G Coetzee,7.0,7.0,31.0,33.0,6.0,4.0,0.0,0.0,8.0,9.0,23.0,24.0,0.0,0.0,4.353433237386437,5.166666666666667,93.93939393939394,12.121212121212121,0.0,88.88888888888889,95.83333333333333,0.0,7.3428571428571425,14.0,273.0,472.0,15.0,90.0,119.0,66.0,176.0,99.0,0.0,3.2699824783988385,45.5,31.466666666666665,10.373626373626374,32.967032967032964,10.666666666666666,10.818181818181818,1.0714285714285714,26.785714285714285,19.15277777777778,3.0,0.0,0.0,14.0,4.714285714285714,3.25,bowler,24.0,26.49563492063492,26.785714285714285
LH Ferguson,2.0,2.0,5.0,2.0,1.0,1.0,0.0,0.0,0.0,0.0,5.0,2.0,0.0,0.0,2.1213203435596424,5.0,250.0,50.0,0.0,0.0,250.0,0.0,28.45,14.0,258.0,455.0,15.0,77.0,107.0,56.0,147.0,76.0,0.0,3.696273244422806,43.0,30.333333333333332,10.581395348837209,29.844961240310077,11.605263157894736,11.464285714285714,1.0714285714285714,26.785714285714285,33.74652777777778,4.0,0.0,0.0,14.0,1.0,3.0714285714285716,bowler,32.0,62.196527777777774,26.785714285714285
Mohsin Khan,2.0,2.0,2.0,8.0,1.0,0.0,0.0,0.0,0.0,0.0,2.0,8.0,0.0,0.0,1.4142135623730951,2.0,25.0,0.0,0.0,0.0,25.0,0.0,8.2,14.0,288.0,492.0,13.0,104.0,226.0,138.0,165.0,90.0,0.0,2.6948841892836124,48.0,37.84615384615385,10.25,36.111111111111114,11.0,9.826086956521738,0.9285714285714286,23.214285714285715,20.416666666666668,1.0,0.0,0.0,14.0,4.0,3.4285714285714284,bowler,8.0,28.616666666666667,23.214285714285715
Mustafizur Rahman,2.0,2.0,1.0,2.0,1.0,0.0,0.0,0.0,0.0,0.0,1.0,2.0,0.0,0.0,0.7071067811865476,1.0,50.0,0.0,0.0,0.0,50.0,0.0,0.5,14.0,314.0,484.0,19.0,112.0,170.0,120.0,226.0,128.0,0.0,3.0870409124592126,52.333333333333336,25.473684210526315,9.248407643312103,35.6687898089172,10.59375,8.5,1.3571428571428572,33.92857142857143,26.92267740429505,1.0,0.0,0.0,14.0,1.0,3.738095238095238,bowler,8.0,27.42267740429505,33.92857142857143
JM Bairstow,13.0,13.0,383.0,241.0,11.0,59.0,249.0,155.0,123.0,80.0,11.0,6.0,5.0,1.0,28.491564203624037,34.81818181818182,158.92116182572613,24.481327800829874,160.6451612903226,153.75,183.33333333333334,29.23076923076923,53.36619318181818,0.0,0.0,0.0,0.0,0.0,0.0,0.0,0.0,0.0,0.0,0.0,0.0,0.0,0.0,0.0,0.0,0.0,0.0,0.0,0.0,9.0,0.0,1.0,13.0,18.53846153846154,0.0,batter,82.0,53.36619318181818,29.23076923076923
KR Mayers,13.0,13.0,379.0,263.0,13.0,60.0,282.0,205.0,97.0,58.0,0.0,0.0,5.0,4.0,24.186243176118918,29.153846153846153,144.106463878327,22.813688212927758,137.5609756097561,167.24137931034483,0.0,36.15384615384615,36.56463273568537,6.0,42.0,59.0,0.0,14.0,43.0,36.0,0.0,0.0,0.0,4.415880433163924,7.0,59.0,8.428571428571429,33.333333333333336,0.0,7.166666666666667,0.0,0.8571428571428541,11.750000000000002,2.0,0.0,0.0,13.0,20.23076923076923,1.1666666666666667,batter,16.0,48.31463273568537,37.01098901098901
DJ Mitchell,13.0,13.0,318.0,223.0,11.0,37.0,97.0,73.0,175.0,112.0,46.0,38.0,4.0,2.0,17.59552682083046,28.90909090909091,142.60089686098655,16.591928251121075,132.87671232876713,156.25,121.05263157894737,26.153846153846157,34.48033439084136,2.0,36.0,70.0,1.0,4.0,0.0,0.0,0.0,0.0,0.0,2.8284271247461903,6.0,70.0,11.666666666666666,11.11111111111111,0.0,0.0,0.5,12.5,10.25,9.0,0.0,0.0,13.0,17.153846153846153,3.0,all_rounder,72.0,44.73033439084136,38.65384615384616
MK Pandey,13.0,13.0,294.0,242.0,12.0,32.0,37.0,35.0,197.0,171.0,60.0,36.0,5.0,1.0,17.428608959306253,24.5,121.48760330578513,13.223140495867769,105.71428571428571,115.2046783625731,166.66666666666666,29.23076923076923,25.37688088559407,0.0,0.0,0.0,0.0,0.0,0.0,0.0,0.0,0.0,0.0,0.0,0.0,0.0,0.0,0.0,0.0,0.0,0.0,0.0,0.0,7.0,0.0,0.0,13.0,18.615384615384617,0.0,batter,56.0,25.37688088559407,29.23076923076923
A Manohar,13.0,13.0,184.0,160.0,13.0,20.0,0.0,6.0,85.0,92.0,99.0,62.0,2.0,0.0,15.41560980438418,14.153846153846153,115.0,12.5,0.0,92.3913043478261,159.67741935483872,10.76923076923077,10.3125,0.0,0.0,0.0,0.0,0.0,0.0,0.0,0.0,0.0,0.0,0.0,0.0,0.0,0.0,0.0,0.0,0.0,0.0,0.0,0.0,13.0,0.0,1.0,13.0,12.307692307692308,0.0,batter,114.0,10.3125,10.76923076923077
V Nigam,8.0,8.0,142.0,79.0,5.0,24.0,20.0,8.0,53.0,33.0,69.0,38.0,2.0,0.0,14.68478318337922,28.4,179.74683544303798,30.379746835443036,250.0,160.6060606060606,181.57894736842104,17.5,31.62840909090909,13.0,234.0,356.0,11.0,72.0,76.0,48.0,37.0,36.0,0.0,3.4541409559526874,39.0,32.36363636363637,9.128205128205128,30.76923076923077,6.166666666666667,9.5,0.8461538461538461,21.153846153846153,12.8125,3.0,0.0,2.0,13.0,9.875,3.0,all_rounder,44.0,44.44090909090909,38.65384615384615
DS Rathi,1.0,1.0,1.0,3.0,1.0,0.0,0.0,0.0,0.0,0.0,1.0,3.0,0.0,0.0,0.0,1.0,33.333333333333336,0.0,0.0,0.0,33.333333333333336,0.0,1.0,13.0,312.0,429.0,14.0,95.0,124.0,90.0,97.0,60.0,0.0,2.071633815776009,52.0,30.642857142857142,8.25,30.44871794871795,9.7,8.266666666666667,1.0769230769230769,29.923076923076923,22.5,3.0,0.0,0.0,13.0,3.0,4.0,bowler,24.0,23.5,29.923076923076923
Aniket Verma,12.0,12.0,236.0,142.0,9.0,32.0,17.0,16.0,139.0,82.0,80.0,44.0,2.0,1.0,19.59282490808275,26.22222222222222,166.19718309859155,22.535211267605632,106.25,169.5121951219512,181.8181818181818,14.166666666666666,27.830357142857142,0.0,0.0,0.0,0.0,0.0,0.0,0.0,0.0,0.0,0.0,0.0,0.0,0.0,0.0,0.0,0.0,0.0,0.0,0.0,0.0,6.0,0.0,1.0,12.0,11.833333333333334,0.0,batter,58.0,27.830357142857142,14.166666666666666
Anuj Rawat,12.0,12.0,189.0,148.0,6.0,23.0,6.0,4.0,55.0,70.0,128.0,74.0,1.0,0.0,13.41725483371048,31.5,127.70270270270271,15.54054054054054,150.0,78.57142857142857,172.97297297297297,5.833333333333333,31.032175324675325,0.0,0.0,0.0,0.0,0.0,0.0,0.0,0.0,0.0,0.0,0.0,0.0,0.0,0.0,0.0,0.0,0.0,0.0,0.0,0.0,8.0,0.0,2.0,12.0,12.333333333333334,0.0,batter,84.0,31.032175324675325,5.833333333333333
AT Rayudu,12.0,12.0,158.0,113.0,10.0,19.0,0.0,0.0,74.0,59.0,84.0,54.0,0.0,0.0,8.579397450057936,15.8,139.8230088495575,16.8141592920354,0.0,125.42372881355932,155.55555555555554,0.0,21.40036764705882,0.0,0.0,0.0,0.0,0.0,0.0,0.0,0.0,0.0,0.0,0.0,0.0,0.0,0.0,0.0,0.0,0.0,0.0,0.0,0.0,2.0,0.0,0.0,12.0,9.416666666666666,0.0,batter,16.0,21.40036764705882,0.0
R Shepherd,9.0,9.0,127.0,46.0,5.0,22.0,0.0,0.0,0.0,1.0,127.0,45.0,2.0,1.0,19.541266875796744,25.4,276.0869565217391,47.82608695652174,0.0,0.0,282.22222222222223,18.88888888888889,36.36785714285714,12.0,156.0,310.0,7.0,40.0,22.0,12.0,75.0,30.0,0.0,3.9188622150575876,26.0,44.285714285714285,11.923076923076923,25.641025641025642,15.0,11.0,0.5833333333333334,14.583333333333334,19.76388888888889,4.0,0.0,0.0,12.0,5.111111111111111,2.1666666666666665,bowler,32.0,56.13174603174603,33.47222222222222
K Kartikeya,3.0,3.0,9.0,12.0,2.0,1.0,0.0,0.0,2.0,4.0,7.0,8.0,0.0,0.0,2.6457513110645907,4.5,75.0,8.333333333333334,0.0,50.0,87.5,0.0,3.5,12.0,204.0,305.0,7.0,56.0,0.0,0.0,49.0,24.0,0.0,1.8134104586613844,34.0,43.57142857142857,8.970588235294118,27.45098039215686,12.25,0.0,0.5833333333333334,14.583333333333334,14.524305555555555,1.0,0.0,0.0,12.0,4.0,2.8333333333333335,bowler,8.0,18.024305555555557,14.583333333333334
JP Behrendorff,2.0,2.0,6.0,9.0,0.0,0.0,0.0,0.0,0.0,0.0,6.0,9.0,0.0,0.0,0.0,6.0,66.66666666666667,0.0,0.0,0.0,66.66666666666667,0.0,3.0,12.0,252.0,387.0,14.0,88.0,207.0,162.0,109.0,54.0,0.0,2.212070403802843,42.0,27.642857142857142,9.214285714285714,34.92063492063492,12.11111111111111,7.666666666666667,1.1666666666666667,29.166666666666668,23.27777777777778,2.0,0.0,0.0,12.0,4.5,3.5,bowler,16.0,26.27777777777778,29.166666666666668
NT Ellis,2.0,2.0,1.0,7.0,2.0,0.0,0.0,0.0,0.0,5.0,1.0,2.0,0.0,0.0,0.7071067811865476,0.5,14.285714285714286,0.0,0.0,0.0,50.0,0.0,0.5,12.0,276.0,401.0,15.0,80.0,85.0,72.0,178.0,102.0,0.0,1.7162449222056373,46.0,26.733333333333334,8.717391304347826,28.985507246376812,10.470588235294118,7.083333333333333,1.25,31.25,26.041666666666664,1.0,0.0,0.0,12.0,3.5,3.8333333333333335,bowler,8.0,26.541666666666664,31.25
SE Rutherford,11.0,11.0,291.0,185.0,9.0,40.0,0.0,4.0,160.0,94.0,131.0,87.0,5.0,0.0,14.327341947225495,32.333333333333336,157.2972972972973,21.62162162162162,0.0,170.2127659574468,150.57471264367817,31.818181818181817,38.19132687165775,0.0,0.0,0.0,0.0,0.0,0.0,0.0,0.0,0.0,0.0,0.0,0.0,0.0,0.0,0.0,0.0,0.0,0.0,0.0,0.0,1.0,0.0,0.0,11.0,16.818181818181817,0.0,batter,8.0,38.19132687165775,31.818181818181817
JP Inglis,11.0,11.0,278.0,171.0,9.0,42.0,128.0,77.0,122.0,76.0,28.0,18.0,5.0,1.0,20.99090712232756,30.88888888888889,162.57309941520467,24.56140350877193,166.23376623376623,160.52631578947367,155.55555555555554,34.54545454545455,46.60628881987578,0.0,0.0,0.0,0.0,0.0,0.0,0.0,0.0,0.0,0.0,0.0,0.0,0.0,0.0,0.0,0.0,0.0,0.0,0.0,0.0,9.0,1.0,0.0,11.0,15.545454545454545,0.0,batter,84.0,46.60628881987578,34.54545454545455
HC Brook,11.0,11.0,190.0,154.0,9.0,27.0,96.0,84.0,58.0,45.0,36.0,25.0,1.0,1.0,28.719648009997993,21.11111111111111,123.37662337662337,17.532467532467532,114.28571428571429,128.88888888888889,144.0,9.090909090909092,26.93401927020348,0.0,0.0,0.0,0.0,0.0,0.0,0.0,0.0,0.0,0.0,0.0,0.0,0.0,0.0,0.0,0.0,0.0,0.0,0.0,0.0,3.0,0.0,0.0,11.0,14.0,0.0,batter,24.0,26.93401927020348,9.090909090909092
SB Dubey,11.0,11.0,139.0,85.0,6.0,19.0,14.0,6.0,34.0,32.0,91.0,47.0,1.0,0.0,11.05687774439717,23.166666666666668,163.52941176470588,22.352941176470587,233.33333333333334,106.25,193.61702127659575,6.363636363636364,23.654545454545453,0.0,0.0,0.0,0.0,0.0,0.0,0.0,0.0,0.0,0.0,0.0,0.0,0.0,0.0,0.0,0.0,0.0,0.0,0.0,0.0,1.0,0.0,1.0,11.0,7.7272727272727275,0.0,batter,18.0,23.654545454545453,6.363636363636364
R Powell,11.0,11.0,115.0,82.0,10.0,18.0,0.0,0.0,15.0,24.0,100.0,58.0,0.0,0.0,9.201778484223974,11.5,140.2439024390244,21.951219512195124,0.0,62.5,172.41379310344828,0.0,24.112499999999997,1.0,12.0,18.0,1.0,4.0,0.0,0.0,14.0,6.0,0.0,0.0,2.0,18.0,9.0,33.333333333333336,14.0,0.0,1.0,25.0,21.333333333333336,9.0,0.0,0.0,11.0,7.454545454545454,2.0,bowler,72.0,45.44583333333333,25.0
A Kamboj,6.0,6.0,16.0,14.0,2.0,2.0,0.0,0.0,0.0,0.0,16.0,14.0,0.0,0.0,1.7511900715418263,8.0,114.28571428571429,14.285714285714286,0.0,0.0,114.28571428571429,0.0,12.966666666666667,11.0,189.0,286.0,10.0,74.0,230.0,156.0,3.0,3.0,0.0,3.235956449245592,31.5,28.6,9.079365079365079,39.15343915343915,6.0,8.846153846153847,0.9090909090909091,22.727272727272727,28.00277777777778,4.0,0.0,0.0,11.0,2.3333333333333335,2.8636363636363638,bowler,32.0,40.96944444444445,22.727272727272727
J Little,0.0,0.0,0.0,0.0,0.0,0.0,0.0,0.0,0.0,0.0,0.0,0.0,0.0,0.0,0.0,0.0,0.0,0.0,0.0,0.0,0.0,0.0,0.0,11.0,228.0,339.0,11.0,82.0,121.0,78.0,89.0,54.0,0.0,2.65630087592395,38.0,30.818181818181817,8.921052631578947,35.96491228070175,9.88888888888889,9.307692307692308,1.0,25.0,26.375,5.0,0.0,0.0,11.0,0.0,3.4545454545454546,bowler,40.0,26.375,25.0
Atharva Taide,10.0,10.0,260.0,177.0,9.0,38.0,157.0,103.0,103.0,74.0,0.0,0.0,3.0,2.0,22.405356502408075,28.88888888888889,146.89265536723164,21.468926553672315,152.4271844660194,139.1891891891892,0.0,27.0,44.40549719887955,1.0,1.0,4.0,0.0,0.0,0.0,0.0,4.0,1.0,0.0,0.0,0.16666666666666666,4.0,24.0,0.0,24.0,0.0,0.0,0.0,0.0,5.0,0.0,0.0,10.0,17.7,0.16666666666666666,batter,40.0,44.40549719887955,27.0
Rasikh Salam,4.0,4.0,28.0,30.0,4.0,4.0,0.0,0.0,11.0,15.0,17.0,15.0,0.0,0.0,4.08248290463863,7.0,93.33333333333333,13.333333333333334,0.0,73.33333333333333,113.33333333333333,0.0,16.6,10.0,183.0,339.0,10.0,53.0,59.0,24.0,96.0,57.0,0.0,2.2252756799668334,30.5,33.9,11.114754098360656,28.961748633879782,10.105263157894736,14.75,1.0,25.0,25.79513888888889,2.0,0.0,0.0,10.0,7.5,3.05,bowler,16.0,42.395138888888894,25.0
AS Joseph,1.0,1.0,7.0,12.0,0.0,1.0,0.0,0.0,3.0,3.0,4.0,9.0,0.0,0.0,0.0,7.0,58.333333333333336,8.333333333333334,0.0,100.0,44.44444444444444,0.0,8.5,10.0,202.0,340.0,8.0,72.0,52.0,30.0,118.0,64.0,0.0,3.952230445887262,33.666666666666664,42.5,10.099009900990099,35.64356435643565,11.0625,10.4,0.8,20.0,15.778093434343434,2.0,0.0,0.0,10.0,12.0,3.3666666666666663,all_rounder,16.0,24.278093434343432,20.0
Zeeshan Ansari,0.0,0.0,0.0,0.0,0.0,0.0,0.0,0.0,0.0,0.0,0.0,0.0,0.0,0.0,0.0,0.0,0.0,0.0,0.0,0.0,0.0,0.0,0.0,10.0,203.0,333.0,6.0,47.0,0.0,0.0,50.0,23.0,0.0,1.0206721804988002,33.833333333333336,55.5,9.842364532019705,23.15270935960591,13.043478260869565,0.0,0.6,15.0,6.6866693248272195,3.0,0.0,1.0,10.0,0.0,3.3833333333333337,bowler,34.0,6.6866693248272195,15.0
D Brevis,9.0,9.0,294.0,184.0,9.0,38.0,19.0,24.0,225.0,140.0,50.0,20.0,6.0,2.0,21.0535032714273,32.666666666666664,159.7826086956522,20.652173913043477,79.16666666666667,160.71428571428572,250.0,53.33333333333333,44.27281772575251,0.0,0.0,0.0,0.0,0.0,0.0,0.0,0.0,0.0,0.0,0.0,0.0,0.0,0.0,0.0,0.0,0.0,0.0,0.0,0.0,7.0,0.0,0.0,9.0,20.444444444444443,0.0,batter,56.0,44.27281772575251,53.33333333333333
SD Hope,9.0,9.0,183.0,122.0,7.0,24.0,78.0,60.0,94.0,52.0,11.0,10.0,3.0,0.0,15.321553446044563,26.142857142857142,150.0,19.672131147540984,130.0,180.76923076923077,110.0,23.333333333333332,29.20509377664109,0.0,0.0,0.0,0.0,0.0,0.0,0.0,0.0,0.0,0.0,0.0,0.0,0.0,0.0,0.0,0.0,0.0,0.0,0.0,0.0,6.0,0.0,1.0,9.0,13.555555555555555,0.0,batter,58.0,29.20509377664109,23.333333333333332
Sikandar Raza,9.0,9.0,182.0,136.0,7.0,20.0,8.0,9.0,127.0,93.0,47.0,34.0,2.0,1.0,17.484119778943533,26.0,133.8235294117647,14.705882352941176,88.88888888888889,136.55913978494624,138.23529411764707,18.88888888888889,28.012789040228064,7.0,84.0,141.0,3.0,21.0,28.0,12.0,0.0,0.0,0.0,4.202071799411263,14.0,47.0,10.071428571428571,25.0,0.0,14.0,0.42857142857142855,10.714285714285714,14.6984126984127,5.0,0.0,0.0,9.0,15.11111111111111,2.0,all_rounder,40.0,42.71120173864077,29.6031746031746
Sameer Rizvi,9.0,9.0,172.0,122.0,7.0,24.0,9.0,11.0,95.0,80.0,68.0,31.0,2.0,1.0,18.96341506984201,24.571428571428573,140.98360655737704,19.672131147540984,81.81818181818181,118.75,219.3548387096774,18.88888888888889,28.213749999999997,0.0,0.0,0.0,0.0,0.0,0.0,0.0,0.0,0.0,0.0,0.0,0.0,0.0,0.0,0.0,0.0,0.0,0.0,0.0,0.0,6.0,0.0,0.0,9.0,13.555555555555555,0.0,batter,48.0,28.213749999999997,18.88888888888889
Aman Hakim Khan,9.0,9.0,110.0,101.0,8.0,13.0,4.0,5.0,52.0,58.0,54.0,38.0,1.0,1.0,15.754188155676077,13.75,108.91089108910892,12.871287128712872,80.0,89.65517241379311,142.10526315789474,11.11111111111111,18.8375,0.0,0.0,0.0,0.0,0.0,0.0,0.0,0.0,0.0,0.0,0.0,0.0,0.0,0.0,0.0,0.0,0.0,0.0,0.0,0.0,9.0,0.0,0.0,9.0,11.222222222222221,0.0,batter,72.0,18.8375,11.11111111111111
Swapnil Singh,6.0,6.0,39.0,25.0,2.0,6.0,0.0,0.0,15.0,9.0,24.0,16.0,0.0,0.0,6.348228099241551,19.5,156.0,24.0,0.0,166.66666666666666,150.0,0.0,14.949999999999998,9.0,102.0,151.0,6.0,29.0,62.0,42.0,0.0,0.0,0.0,3.431989129166357,17.0,25.166666666666668,8.882352941176471,28.431372549019606,0.0,8.857142857142858,0.6666666666666666,16.666666666666664,23.354166666666668,2.0,0.0,1.0,9.0,4.166666666666667,1.8888888888888888,batter,26.0,38.30416666666667,16.666666666666664
Akash Deep,4.0,4.0,25.0,12.0,2.0,4.0,0.0,0.0,5.0,2.0,20.0,10.0,0.0,0.0,7.588368291888141,12.5,208.33333333333334,33.333333333333336,0.0,250.0,200.0,0.0,33.512499999999996,9.0,165.0,343.0,5.0,50.0,175.0,90.0,60.0,27.0,0.0,1.9990086750166034,27.5,68.6,12.472727272727273,30.303030303030305,13.333333333333334,11.666666666666666,0.5555555555555556,13.88888888888889,11.891865079365079,1.0,0.0,0.0,9.0,3.0,3.0555555555555554,bowler,8.0,45.40436507936508,13.88888888888889
Yudhvir Singh,4.0,4.0,22.0,16.0,4.0,3.0,0.0,0.0,2.0,4.0,20.0,12.0,0.0,0.0,6.454972243679029,5.5,137.5,18.75,0.0,50.0,166.66666666666666,0.0,10.225,9.0,138.0,253.0,8.0,54.0,144.0,84.0,36.0,18.0,0.0,2.617383129089902,23.0,31.625,11.0,39.130434782608695,12.0,10.285714285714286,0.8888888888888888,22.22222222222222,17.163194444444443,0.0,0.0,0.0,9.0,4.0,2.5555555555555554,bowler,0.0,27.388194444444444,22.22222222222222
Umran Malik,1.0,1.0,19.0,8.0,0.0,3.0,0.0,0.0,0.0,0.0,19.0,8.0,0.0,0.0,0.0,19.0,237.5,37.5,0.0,0.0,237.5,0.0,44.65,9.0,126.0,232.0,5.0,43.0,28.0,6.0,55.0,24.0,0.0,5.318846064400635,21.0,46.4,11.047619047619047,34.12698412698413,13.75,28.0,0.5555555555555556,13.88888888888889,14.548611111111112,1.0,0.0,2.0,9.0,8.0,2.3333333333333335,all_rounder,28.0,59.19861111111111,13.88888888888889
SH Johnson,5.0,5.0,8.0,11.0,0.0,1.0,0.0,0.0,1.0,2.0,7.0,9.0,0.0,0.0,1.9493588689617927,8.0,72.72727272727273,9.090909090909092,0.0,50.0,77.77777777777777,0.0,1.9,9.0,164.0,284.0,5.0,59.0,138.0,84.0,69.0,44.0,0.0,2.7008603803052735,27.333333333333332,56.8,10.390243902439025,35.97560975609756,9.409090909090908,9.857142857142858,0.5555555555555556,13.88888888888889,11.36904761904762,2.0,0.0,0.0,9.0,2.2,3.0370370370370368,bowler,16.0,13.26904761904762,13.88888888888889
Fazalhaq Farooqi,2.0,2.0,3.0,7.0,0.0,0.0,0.0,0.0,0.0,0.0,3.0,7.0,0.0,0.0,0.7071067811865476,3.0,42.857142857142854,0.0,0.0,0.0,42.857142857142854,0.0,1.5,9.0,182.0,327.0,4.0,56.0,167.0,102.0,75.0,32.0,0.0,3.3324582184594265,30.333333333333332,81.75,10.780219780219781,30.76923076923077,14.0625,9.823529411764707,0.4444444444444444,11.11111111111111,10.128472222222223,1.0,0.0,0.0,9.0,3.5,3.3703703703703702,bowler,8.0,11.628472222222223,11.11111111111111
Akash Singh,0.0,0.0,0.0,0.0,0.0,0.0,0.0,0.0,0.0,0.0,0.0,0.0,0.0,0.0,0.0,0.0,0.0,0.0,0.0,0.0,0.0,0.0,0.0,9.0,181.0,287.0,9.0,66.0,205.0,133.0,10.0,6.0,0.0,3.056191524235694,30.166666666666668,31.88888888888889,9.513812154696133,36.46408839779006,10.0,9.24812030075188,1.0,25.0,22.13450292397661,1.0,0.0,0.0,9.0,0.0,3.351851851851852,bowler,8.0,22.13450292397661,25.0
JJ Roy,8.0,8.0,285.0,188.0,8.0,48.0,177.0,121.0,108.0,67.0,0.0,0.0,5.0,2.0,19.515104040570364,35.625,151.59574468085106,25.53191489361702,146.28099173553719,161.19402985074626,0.0,51.25,50.73974516862448,0.0,0.0,0.0,0.0,0.0,0.0,0.0,0.0,0.0,0.0,0.0,0.0,0.0,0.0,0.0,0.0,0.0,0.0,0.0,0.0,2.0,0.0,0.0,8.0,23.5,0.0,batter,16.0,50.73974516862448,51.25
KK Nair,8.0,8.0,198.0,115.0,7.0,34.0,109.0,64.0,89.0,51.0,0.0,0.0,3.0,1.0,30.19815509975024,28.285714285714285,172.17391304347825,29.565217391304348,170.3125,174.50980392156862,0.0,30.0,36.62291666666667,0.0,0.0,0.0,0.0,0.0,0.0,0.0,0.0,0.0,0.0,0.0,0.0,0.0,0.0,0.0,0.0,0.0,0.0,0.0,0.0,2.0,0.0,2.0,8.0,14.375,0.0,batter,36.0,36.62291666666667,30.0
Lalit Yadav,8.0,8.0,76.0,71.0,7.0,9.0,2.0,2.0,47.0,36.0,27.0,33.0,1.0,0.0,11.92835756865606,10.857142857142858,107.04225352112677,12.67605633802817,100.0,130.55555555555554,81.81818181818181,8.75,14.75,6.0,96.0,174.0,2.0,24.0,95.0,48.0,24.0,12.0,0.0,5.601256472799124,16.0,87.0,10.875,25.0,12.0,11.875,0.3333333333333333,8.333333333333332,11.129629629629632,4.0,0.0,1.0,8.0,8.875,2.6666666666666665,all_rounder,42.0,25.879629629629633,17.083333333333332
HR Shokeen,3.0,3.0,23.0,17.0,1.0,4.0,0.0,0.0,0.0,0.0,23.0,17.0,0.0,0.0,9.291573243177568,23.0,135.2941176470588,23.529411764705884,0.0,0.0,135.2941176470588,0.0,13.574358974358972,8.0,114.0,187.0,3.0,37.0,41.0,30.0,0.0,0.0,0.0,4.1680801174017,19.0,62.333333333333336,9.842105263157896,32.45614035087719,0.0,8.2,0.375,9.375,10.440972222222223,3.0,0.0,1.0,8.0,5.666666666666667,2.375,bowler,34.0,24.015331196581194,9.375
A Mishra,1.0,1.0,19.0,30.0,1.0,2.0,0.0,0.0,6.0,13.0,13.0,17.0,0.0,0.0,0.0,19.0,63.333333333333336,6.666666666666667,0.0,46.15384615384615,76.47058823529412,0.0,22.0,8.0,126.0,169.0,8.0,35.0,0.0,0.0,39.0,24.0,0.0,2.378991007609258,21.0,21.125,8.047619047619047,27.77777777777778,9.75,0.0,1.0,30.42857142857143,26.05902777777778,1.0,0.0,1.0,8.0,30.0,2.625,all_rounder,18.0,48.05902777777778,30.42857142857143
JO Holder,3.0,3.0,12.0,11.0,2.0,1.0,0.0,0.0,11.0,9.0,1.0,2.0,0.0,0.0,6.082762530298219,6.0,109.0909090909091,9.090909090909092,0.0,122.22222222222223,50.0,0.0,4.633333333333334,8.0,171.0,284.0,4.0,40.0,45.0,30.0,135.0,75.0,0.0,3.3205964139319444,28.5,71.0,9.964912280701755,23.391812865497077,10.8,9.0,0.5,12.5,13.953373015873016,3.0,0.0,0.0,8.0,3.6666666666666665,3.5625,bowler,24.0,18.58670634920635,12.5
A Zampa,3.0,3.0,10.0,16.0,3.0,0.0,0.0,0.0,4.0,9.0,6.0,7.0,0.0,0.0,3.2145502536643185,3.3333333333333335,62.5,0.0,0.0,44.44444444444444,85.71428571428571,0.0,3.3333333333333335,8.0,180.0,282.0,10.0,49.0,39.0,36.0,72.0,36.0,0.0,2.751622897751175,30.0,28.2,9.4,27.22222222222222,12.0,6.5,1.25,31.25,28.145833333333332,0.0,0.0,0.0,8.0,5.333333333333333,3.75,bowler,0.0,31.479166666666664,31.25
Simarjeet Singh,3.0,3.0,3.0,7.0,2.0,0.0,0.0,0.0,0.0,0.0,3.0,7.0,0.0,0.0,1.7320508075688772,1.5,42.857142857142854,0.0,0.0,0.0,42.857142857142854,0.0,1.0,8.0,132.0,262.0,7.0,47.0,83.0,36.0,52.0,24.0,0.0,5.304598465572336,22.0,37.42857142857143,11.909090909090908,35.60606060606061,13.0,13.833333333333334,0.875,21.875,22.190972222222225,2.0,0.0,1.0,8.0,2.3333333333333335,2.75,bowler,26.0,23.190972222222225,21.875
N Thushara,0.0,0.0,0.0,0.0,0.0,0.0,0.0,0.0,0.0,0.0,0.0,0.0,0.0,0.0,0.0,0.0,0.0,0.0,0.0,0.0,0.0,0.0,0.0,8.0,180.0,283.0,9.0,58.0,143.0,96.0,107.0,66.0,0.0,2.4555573511449302,30.0,31.444444444444443,9.433333333333334,32.22222222222222,9.727272727272727,8.9375,1.125,28.125,25.65972222222222,1.0,0.0,1.0,8.0,0.0,3.75,bowler,18.0,25.65972222222222,28.125
Mayank Dagar,1.0,1.0,0.0,1.0,0.0,0.0,0.0,0.0,0.0,0.0,0.0,1.0,0.0,0.0,0.0,0.0,0.0,0.0,0.0,0.0,0.0,0.0,0.0,8.0,137.0,203.0,2.0,43.0,29.0,12.0,22.0,17.0,0.0,4.206030078435759,22.833333333333332,101.5,8.89051094890511,31.386861313868614,7.764705882352941,14.5,0.25,6.25,13.440563725490197,3.0,0.0,0.0,8.0,1.0,2.8541666666666665,bowler,24.0,13.440563725490197,6.25
