venue,player_name,skill_type,matches,runs,strike_rate,venue_score,wickets,economy,venue_rank
"Arun Jaitley Stadium, Delhi",H Klaasen,batter,3,173.0,233.78378378378378,186.29594594594596,0.0,0.0,1.0
"Arun Jaitley Stadium, Delhi",B Sai Sudharsan,batter,3,235.0,158.78378378378378,179.2972972972973,0.0,0.0,2.0
"Arun Jaitley Stadium, Delhi",J Fraser-McGurk,batter,7,231.0,262.5,177.68863636363636,0.0,0.0,3.0
"Arun Jaitley Stadium, Delhi",AR Patel,batter,17,400.0,163.26530612244898,164.04761904761907,0.0,0.0,4.0
"Arun Jaitley Stadium, Delhi",T Stubbs,batter,10,279.0,196.4788732394366,160.9119718309859,0.0,0.0,5.0
"Arun Jaitley Stadium, Delhi",Kuldeep Yadav,bowler,17,0.0,0.0,278.8333333333333,15.0,8.716666666666667,1.0
"Arun Jaitley Stadium, Delhi",Mukesh Kumar,bowler,15,0.0,0.0,262.2105263157895,14.0,11.242105263157894,2.0
"Arun Jaitley Stadium, Delhi",AR Patel,bowler,16,0.0,0.0,250.27999999999997,13.0,7.74,3.0
"Arun Jaitley Stadium, Delhi",I Sharma,bowler,6,0.0,0.0,156.5,8.0,8.7,4.0
"Arun Jaitley Stadium, Delhi",KK Ahmed,bowler,10,0.0,0.0,153.41176470588235,8.0,11.470588235294118,5.0
"Barsapara Cricket Stadium, Guwahati",N Rana,batter,2,89.0,197.77777777777777,121.25833333333333,0.0,0.0,1.0
"Barsapara Cricket Stadium, Guwahati",Q de Kock,batter,1,97.0,159.01639344262296,117.50245901639346,0.0,0.0,2.0
"Barsapara Cricket Stadium, Guwahati",S Dhawan,batter,1,86.0,153.57142857142858,109.95,0.0,0.0,3.0
"Barsapara Cricket Stadium, Guwahati",JC Buttler,batter,2,98.0,158.06451612903226,105.23709677419355,0.0,0.0,4.0
"Barsapara Cricket Stadium, Guwahati",SO Hetmyer,batter,4,101.0,160.31746031746033,102.66428571428573,0.0,0.0,5.0
"Barsapara Cricket Stadium, Guwahati",NT Ellis,bowler,2,0.0,0.0,117.125,5.0,6.75,1.0
"Barsapara Cricket Stadium, Guwahati",YS Chahal,bowler,3,0.0,0.0,115.08333333333333,6.0,9.0,2.0
"Barsapara Cricket Stadium, Guwahati",PWH de Silva,bowler,2,0.0,0.0,99.28571428571428,5.0,9.857142857142858,3.0
"Barsapara Cricket Stadium, Guwahati",R Ashwin,bowler,4,0.0,0.0,87.125,4.0,7.9375,4.0
"Barsapara Cricket Stadium, Guwahati",TA Boult,bowler,3,0.0,0.0,83.81818181818181,4.0,8.545454545454545,5.0
"Bharat Ratna Shri Atal Bihari Vajpayee Ekana Cricket Stadium, Lucknow",KL Rahul,batter,13,540.0,131.38686131386862,181.05131608051317,0.0,0.0,1.0
"Bharat Ratna Shri Atal Bihari Vajpayee Ekana Cricket Stadium, Lucknow",N Pooran,batter,21,409.0,141.0344827586207,153.94425287356322,0.0,0.0,2.0
"Bharat Ratna Shri Atal Bihari Vajpayee Ekana Cricket Stadium, Lucknow",A Badoni,batter,17,376.0,141.88679245283018,149.14168096054885,0.0,0.0,3.0
"Bharat Ratna Shri Atal Bihari Vajpayee Ekana Cricket Stadium, Lucknow",Abhishek Sharma,batter,2,93.0,251.35135135135135,147.65743243243244,0.0,0.0,4.0
"Bharat Ratna Shri Atal Bihari Vajpayee Ekana Cricket Stadium, Lucknow",MP Stoinis,batter,14,336.0,136.03238866396762,137.83231505336767,0.0,0.0,5.0
"Bharat Ratna Shri Atal Bihari Vajpayee Ekana Cricket Stadium, Lucknow",Ravi Bishnoi,bowler,19,0.0,0.0,351.68,19.0,8.624,1.0
"Bharat Ratna Shri Atal Bihari Vajpayee Ekana Cricket Stadium, Lucknow",KH Pandya,bowler,13,0.0,0.0,237.8181818181818,12.0,7.136363636363637,2.0
"Bharat Ratna Shri Atal Bihari Vajpayee Ekana Cricket Stadium, Lucknow",Yash Thakur,bowler,8,0.0,0.0,226.23121387283237,12.0,9.606936416184972,3.0
"Bharat Ratna Shri Atal Bihari Vajpayee Ekana Cricket Stadium, Lucknow",Naveen-ul-Haq,bowler,8,0.0,0.0,191.82702702702704,10.0,8.237837837837837,4.0
"Bharat Ratna Shri Atal Bihari Vajpayee Ekana Cricket Stadium, Lucknow",MA Wood,bowler,2,0.0,0.0,161.25,7.0,6.125,5.0
"Dr. Y.S. Rajasekhara Reddy ACA-VDCA Cricket Stadium, Visakhapatnam",N Pooran,batter,1,75.0,250.0,150.58333333333334,0.0,0.0,1.0
"Dr. Y.S. Rajasekhara Reddy ACA-VDCA Cricket Stadium, Visakhapatnam",SP Narine,batter,1,85.0,217.94871794871796,139.91666666666669,0.0,0.0,2.0
"Dr. Y.S. Rajasekhara Reddy ACA-VDCA Cricket Stadium, Visakhapatnam",Ashutosh Sharma,batter,1,66.0,212.90322580645162,128.73225806451615,0.0,0.0,3.0
"Dr. Y.S. Rajasekhara Reddy ACA-VDCA Cricket Stadium, Visakhapatnam",A Raghuvanshi,batter,1,54.0,200.0,117.26296296296296,0.0,0.0,4.0
"Dr. Y.S. Rajasekhara Reddy ACA-VDCA Cricket Stadium, Visakhapatnam",Aniket Verma,batter,1,74.0,180.4878048780488,117.20243902439026,0.0,0.0,5.0
"Dr. Y.S. Rajasekhara Reddy ACA-VDCA Cricket Stadium, Visakhapatnam",MA Starc,bowler,3,0.0,0.0,194.0625,10.0,9.5625,1.0
"Dr. Y.S. Rajasekhara Reddy ACA-VDCA Cricket Stadium, Visakhapatnam",Kuldeep Yadav,bowler,2,0.0,0.0,132.875,5.0,5.25,2.0
"Dr. Y.S. Rajasekhara Reddy ACA-VDCA Cricket Stadium, Visakhapatnam",Mukesh Kumar,bowler,3,0.0,0.0,82.71428571428571,4.0,8.571428571428571,3.0
"Dr. Y.S. Rajasekhara Reddy ACA-VDCA Cricket Stadium, Visakhapatnam",KK Ahmed,bowler,2,0.0,0.0,73.625,3.0,8.0,4.0
"Dr. Y.S. Rajasekhara Reddy ACA-VDCA Cricket Stadium, Visakhapatnam",A Nortje,bowler,2,0.0,0.0,60.875,3.0,12.75,5.0
"Eden Gardens, Kolkata",RK Singh,batter,19,510.0,162.93929712460064,189.11806564042985,0.0,0.0,1.0
"Eden Gardens, Kolkata",PD Salt,batter,8,406.0,184.54545454545453,181.92727272727274,0.0,0.0,2.0
"Eden Gardens, Kolkata",AD Russell,batter,18,385.0,171.11111111111111,163.12777777777777,0.0,0.0,3.0
"Eden Gardens, Kolkata",AM Rahane,batter,7,354.0,164.65116279069767,162.01511627906976,0.0,0.0,4.0
"Eden Gardens, Kolkata",JM Bairstow,batter,1,108.0,225.0,153.39166666666665,0.0,0.0,5.0
"Eden Gardens, Kolkata",CV Varun,bowler,21,0.0,0.0,533.5020408163266,29.0,8.485714285714286,1.0
"Eden Gardens, Kolkata",Harshit Rana,bowler,18,0.0,0.0,424.3225806451613,23.0,10.064516129032258,2.0
"Eden Gardens, Kolkata",VG Arora,bowler,13,0.0,0.0,317.44444444444446,17.0,10.4,3.0
"Eden Gardens, Kolkata",AD Russell,bowler,18,0.0,0.0,314.0,17.0,11.938461538461539,4.0
"Eden Gardens, Kolkata",SP Narine,bowler,21,0.0,0.0,308.68831168831167,16.0,7.1558441558441555,5.0
"Himachal Pradesh Cricket Association Stadium, Dharamsala",RR Rossouw,batter,3,143.0,213.43283582089552,146.1018656716418,0.0,0.0,1.0
"Himachal Pradesh Cricket Association Stadium, Dharamsala",V Kohli,batter,1,92.0,195.74468085106383,132.25106382978723,0.0,0.0,2.0
"Himachal Pradesh Cricket Association Stadium, Dharamsala",Shashank Singh,batter,3,97.0,179.62962962962962,127.2611111111111,0.0,0.0,3.0
"Himachal Pradesh Cricket Association Stadium, Dharamsala",P Simran Singh,batter,6,201.0,162.09677419354838,125.53225806451613,0.0,0.0,4.0
"Himachal Pradesh Cricket Association Stadium, Dharamsala",A Badoni,batter,1,74.0,185.0,119.05,0.0,0.0,5.0
"Himachal Pradesh Cricket Association Stadium, Dharamsala",Arshdeep Singh,bowler,5,0.0,0.0,137.47058823529412,7.0,9.411764705882353,1.0
"Himachal Pradesh Cricket Association Stadium, Dharamsala",HV Patel,bowler,2,0.0,0.0,124.0,6.0,7.75,2.0
"Himachal Pradesh Cricket Association Stadium, Dharamsala",SM Curran,bowler,4,0.0,0.0,97.66666666666667,5.0,11.066666666666666,3.0
"Himachal Pradesh Cricket Association Stadium, Dharamsala",RD Chahar,bowler,4,0.0,0.0,81.20454545454545,4.0,9.068181818181818,4.0
"Himachal Pradesh Cricket Association Stadium, Dharamsala",K Rabada,bowler,3,0.0,0.0,49.5,2.0,10.0,5.0
"M Chinnaswamy Stadium, Bengaluru",V Kohli,batter,19,856.0,158.22550831792975,257.9945933456562,0.0,0.0,1.0
"M Chinnaswamy Stadium, Bengaluru",F du Plessis,batter,15,561.0,168.46846846846847,201.411884961885,0.0,0.0,2.0
"M Chinnaswamy Stadium, Bengaluru",N Pooran,batter,2,102.0,255.0,164.9,0.0,0.0,3.0
"M Chinnaswamy Stadium, Bengaluru",TM Head,batter,1,102.0,248.78048780487805,161.99756097560976,0.0,0.0,4.0
"M Chinnaswamy Stadium, Bengaluru",GJ Maxwell,batter,12,315.0,186.3905325443787,156.75672404518556,0.0,0.0,5.0
"M Chinnaswamy Stadium, Bengaluru",Mohammed Siraj,bowler,14,0.0,0.0,396.54545454545456,21.0,7.909090909090909,1.0
"M Chinnaswamy Stadium, Bengaluru",Yash Dayal,bowler,13,0.0,0.0,262.3886925795053,14.0,8.968197879858657,2.0
"M Chinnaswamy Stadium, Bengaluru",HV Patel,bowler,8,0.0,0.0,188.13829787234042,10.0,9.861702127659575,3.0
"M Chinnaswamy Stadium, Bengaluru",Vijaykumar Vyshak,bowler,8,0.0,0.0,187.45762711864407,10.0,10.067796610169491,4.0
"M Chinnaswamy Stadium, Bengaluru",JR Hazlewood,bowler,4,0.0,0.0,157.0120481927711,8.0,9.397590361445783,5.0
"MA Chidambaram Stadium, Chepauk, Chennai",RD Gaikwad,batter,18,764.0,141.74397031539888,232.10148423005566,0.0,0.0,1.0
"MA Chidambaram Stadium, Chepauk, Chennai",S Dube,batter,20,494.0,155.34591194968553,178.95157232704403,0.0,0.0,2.0
"MA Chidambaram Stadium, Chepauk, Chennai",DP Conway,batter,10,415.0,130.50314465408806,156.51906446540883,0.0,0.0,3.0
"MA Chidambaram Stadium, Chepauk, Chennai",MP Stoinis,batter,3,185.0,171.2962962962963,139.61574074074076,0.0,0.0,4.0
"MA Chidambaram Stadium, Chepauk, Chennai",R Ravindra,batter,8,238.0,156.57894736842104,128.6657894736842,0.0,0.0,5.0
"MA Chidambaram Stadium, Chepauk, Chennai",TU Deshpande,bowler,14,0.0,0.0,389.6504854368932,21.0,8.951456310679612,1.0
"MA Chidambaram Stadium, Chepauk, Chennai",M Pathirana,bowler,13,0.0,0.0,374.08333333333337,20.0,8.041666666666666,2.0
"MA Chidambaram Stadium, Chepauk, Chennai",RA Jadeja,bowler,21,0.0,0.0,345.6966580976864,18.0,7.079691516709511,3.0
"MA Chidambaram Stadium, Chepauk, Chennai",DL Chahar,bowler,11,0.0,0.0,264.5257731958763,14.0,8.56701030927835,4.0
"MA Chidambaram Stadium, Chepauk, Chennai",Noor Ahmad,bowler,7,0.0,0.0,244.44,13.0,8.32,5.0
"Maharaja Yadavindra Singh International Cricket Stadium, Mullanpur",Priyansh Arya,batter,5,154.0,205.33333333333334,134.23333333333335,0.0,0.0,1.0
"Maharaja Yadavindra Singh International Cricket Stadium, Mullanpur",Ashutosh Sharma,batter,4,128.0,191.044776119403,124.92338308457714,0.0,0.0,2.0
"Maharaja Yadavindra Singh International Cricket Stadium, Mullanpur",PD Salt,batter,2,57.0,190.0,114.15,0.0,0.0,3.0
"Maharaja Yadavindra Singh International Cricket Stadium, Mullanpur",Shashank Singh,batter,10,218.0,123.86363636363636,109.61515151515151,0.0,0.0,4.0
"Maharaja Yadavindra Singh International Cricket Stadium, Mullanpur",Nithish Kumar Reddy,batter,1,64.0,172.97297297297297,109.07027027027027,0.0,0.0,5.0
"Maharaja Yadavindra Singh International Cricket Stadium, Mullanpur",Arshdeep Singh,bowler,10,0.0,0.0,209.36363636363637,11.0,8.636363636363637,1.0
"Maharaja Yadavindra Singh International Cricket Stadium, Mullanpur",HV Patel,bowler,5,0.0,0.0,207.3529411764706,11.0,8.470588235294118,2.0
"Maharaja Yadavindra Singh International Cricket Stadium, Mullanpur",SM Curran,bowler,5,0.0,0.0,137.33333333333334,7.0,9.0,3.0
"Maharaja Yadavindra Singh International Cricket Stadium, Mullanpur",Suyash Sharma,bowler,2,0.0,0.0,120.28571428571429,5.0,6.142857142857143,4.0
"Maharaja Yadavindra Singh International Cricket Stadium, Mullanpur",YS Chahal,bowler,5,0.0,0.0,116.125,6.0,8.5,5.0
"Maharaja Yadavindra Singh International Cricket Stadium, New Chandigarh",RG Sharma,batter,1,81.0,162.0,111.95,0.0,0.0,1.0
"Maharaja Yadavindra Singh International Cricket Stadium, New Chandigarh",B Sai Sudharsan,batter,1,80.0,163.26530612244898,111.71428571428572,0.0,0.0,2.0
"Narendra Modi Stadium, Ahmedabad",Shubman Gill,batter,22,1060.0,169.6,304.53936842105264,0.0,0.0,1.0
"Narendra Modi Stadium, Ahmedabad",B Sai Sudharsan,batter,19,968.0,157.65472312703582,281.81946254071664,0.0,0.0,2.0
"Narendra Modi Stadium, Ahmedabad",SS Iyer,batter,4,243.0,222.93577981651376,212.97385321100919,0.0,0.0,3.0
"Narendra Modi Stadium, Ahmedabad",Shashank Singh,batter,4,168.0,215.3846153846154,175.98461538461538,0.0,0.0,4.0
"Narendra Modi Stadium, Ahmedabad",WG Jacks,batter,1,100.0,243.90243902439025,158.41463414634146,0.0,0.0,5.0
"Narendra Modi Stadium, Ahmedabad",MM Sharma,bowler,13,0.0,0.0,531.6923076923077,29.0,8.676923076923076,1.0
"Narendra Modi Stadium, Ahmedabad",Rashid Khan,bowler,22,0.0,0.0,404.25,22.0,9.5125,2.0
"Narendra Modi Stadium, Ahmedabad",Mohammed Shami,bowler,10,0.0,0.0,326.1351351351351,17.0,7.756756756756757,3.0
"Narendra Modi Stadium, Ahmedabad",M Prasidh Krishna,bowler,7,0.0,0.0,252.2962962962963,13.0,7.7407407407407405,4.0
"Narendra Modi Stadium, Ahmedabad",Noor Ahmad,bowler,13,0.0,0.0,246.02272727272725,13.0,8.318181818181818,5.0
"Punjab Cricket Association IS Bindra Stadium, Mohali, Chandigarh",SA Yadav,batter,1,66.0,212.90322580645162,128.73225806451615,0.0,0.0,1.0
"Punjab Cricket Association IS Bindra Stadium, Mohali, Chandigarh",Ishan Kishan,batter,1,75.0,182.9268292682927,118.75000000000001,0.0,0.0,2.0
"Punjab Cricket Association IS Bindra Stadium, Mohali, Chandigarh",JM Sharma,batter,5,160.0,163.26530612244898,117.81632653061226,0.0,0.0,3.0
"Punjab Cricket Association IS Bindra Stadium, Mohali, Chandigarh",LS Livingstone,batter,3,107.0,178.33333333333334,117.35833333333333,0.0,0.0,4.0
"Punjab Cricket Association IS Bindra Stadium, Mohali, Chandigarh",MP Stoinis,batter,1,72.0,180.0,116.15,0.0,0.0,5.0
"Punjab Cricket Association IS Bindra Stadium, Mohali, Chandigarh",Arshdeep Singh,bowler,5,0.0,0.0,134.49557522123894,7.0,10.938053097345133,1.0
"Punjab Cricket Association IS Bindra Stadium, Mohali, Chandigarh",NT Ellis,bowler,3,0.0,0.0,80.18181818181819,4.0,9.272727272727273,2.0
"Punjab Cricket Association IS Bindra Stadium, Mohali, Chandigarh",Harpreet Brar,bowler,4,0.0,0.0,67.8,3.0,7.9,3.0
"Punjab Cricket Association IS Bindra Stadium, Mohali, Chandigarh",K Rabada,bowler,2,0.0,0.0,66.5,3.0,11.0,4.0
"Punjab Cricket Association IS Bindra Stadium, Mohali, Chandigarh",SM Curran,bowler,5,0.0,0.0,60.23762376237624,3.0,10.03960396039604,5.0
"Rajiv Gandhi International Stadium, Uppal, Hyderabad",H Klaasen,batter,15,614.0,182.73809523809524,222.88214285714287,0.0,0.0,1.0
"Rajiv Gandhi International Stadium, Uppal, Hyderabad",Abhishek Sharma,batter,17,514.0,206.42570281124497,207.21679216867471,0.0,0.0,2.0
"Rajiv Gandhi International Stadium, Uppal, Hyderabad",N Pooran,batter,3,162.0,249.23076923076923,189.05384615384617,0.0,0.0,3.0
"Rajiv Gandhi International Stadium, Uppal, Hyderabad",TM Head,batter,11,429.0,185.71428571428572,183.34318181818185,0.0,0.0,4.0
"Rajiv Gandhi International Stadium, Uppal, Hyderabad",SS Iyer,batter,1,82.0,227.77777777777777,142.73333333333335,0.0,0.0,5.0
"Rajiv Gandhi International Stadium, Uppal, Hyderabad",PJ Cummins,bowler,12,0.0,0.0,261.963503649635,14.0,9.656934306569344,1.0
"Rajiv Gandhi International Stadium, Uppal, Hyderabad",T Natarajan,bowler,12,0.0,0.0,260.3695652173913,14.0,9.23913043478261,2.0
"Rajiv Gandhi International Stadium, Uppal, Hyderabad",B Kumar,bowler,13,0.0,0.0,228.10416666666666,12.0,8.458333333333334,3.0
"Rajiv Gandhi International Stadium, Uppal, Hyderabad",HV Patel,bowler,7,0.0,0.0,206.0,11.0,9.88,4.0
"Rajiv Gandhi International Stadium, Uppal, Hyderabad",JD Unadkat,bowler,8,0.0,0.0,155.96,8.0,8.08,5.0
"Sawai Mansingh Stadium, Jaipur",YBK Jaiswal,batter,15,609.0,160.68601583113457,209.35557387862798,0.0,0.0,1.0
"Sawai Mansingh Stadium, Jaipur",SV Samson,batter,12,426.0,145.3924914675768,167.6497805948318,0.0,0.0,2.0
"Sawai Mansingh Stadium, Jaipur",R Parag,batter,11,356.0,157.52212389380531,155.20110619469028,0.0,0.0,3.0
"Sawai Mansingh Stadium, Jaipur",V Suryavanshi,batter,4,175.0,233.33333333333334,155.07083333333333,0.0,0.0,4.0
"Sawai Mansingh Stadium, Jaipur",JC Buttler,batter,11,385.0,141.02564102564102,153.09737484737485,0.0,0.0,5.0
"Sawai Mansingh Stadium, Jaipur",YS Chahal,bowler,11,0.0,0.0,242.53556485355648,13.0,8.761506276150628,1.0
"Sawai Mansingh Stadium, Jaipur",Sandeep Sharma,bowler,11,0.0,0.0,188.76543209876544,10.0,8.641975308641975,2.0
"Sawai Mansingh Stadium, Jaipur",Avesh Khan,bowler,7,0.0,0.0,169.77777777777777,9.0,9.444444444444445,3.0
"Sawai Mansingh Stadium, Jaipur",TA Boult,bowler,9,0.0,0.0,157.546511627907,8.0,8.44186046511628,4.0
"Sawai Mansingh Stadium, Jaipur",Rashid Khan,bowler,3,0.0,0.0,134.0,5.0,4.666666666666667,5.0
"Wankhede Stadium, Mumbai",SA Yadav,batter,20,888.0,189.33901918976545,281.75138592750534,0.0,0.0,1.0
"Wankhede Stadium, Mumbai",RG Sharma,batter,21,611.0,156.26598465473145,203.0144097455916,0.0,0.0,2.0
"Wankhede Stadium, Mumbai",Ishan Kishan,batter,15,394.0,161.47540983606558,160.6535519125683,0.0,0.0,3.0
"Wankhede Stadium, Mumbai",JM Sharma,batter,2,65.0,250.0,145.59615384615384,0.0,0.0,4.0
"Wankhede Stadium, Mumbai",C Green,batter,7,229.0,172.18045112781954,144.77055137844613,0.0,0.0,5.0
"Wankhede Stadium, Mumbai",JJ Bumrah,bowler,12,0.0,0.0,451.1519434628975,23.0,5.618374558303887,1.0
"Wankhede Stadium, Mumbai",PP Chawla,bowler,12,0.0,0.0,284.8139534883721,15.0,8.0,2.0
"Wankhede Stadium, Mumbai",TA Boult,bowler,9,0.0,0.0,267.52777777777777,14.0,8.0,3.0
"Wankhede Stadium, Mumbai",Akash Madhwal,bowler,7,0.0,0.0,207.2,11.0,10.0,4.0
"Wankhede Stadium, Mumbai",HH Pandya,bowler,11,0.0,0.0,206.75,11.0,10.571428571428571,5.0
